event_date,event_date_precision,date_is_exact,disaster_type,disaster_group,disaster_subgroup,financial_damage,damage_source,financial_damage_observed,population_affected,total_deaths,deaths_available,no_homeless,homeless_available,mag_area_km2,mag_wind_kph,mag_area_available,mag_wind_available,dis_no,event_name,log_financial_damage,log_population_affected,disaster_Drought,disaster_Flood,disaster_Other,disaster_Storm,asof_date,days_since_last_disaster,disasters_trailing_365d,date,aspi_close,trading_volume,price_source,volume_source,log_return,lag_return_t-1,lag_return_t-2,lag_return_t-3,lag_return_t-5,sma_5,ema_5,price_to_sma_5,price_to_ema_5,sma_10,ema_10,price_to_sma_10,price_to_ema_10,sma_20,ema_20,price_to_sma_20,price_to_ema_20,rolling_std_5,rolling_std_10,rolling_std_20,rolling_std_30,squared_return,garch_cond_vol,vol_ratio_1_30,vol_ratio_5_30,vol_ratio_10_30,vol_cv_30,log_vol_change_1,date_macro,gdp_growth_pct,inflation_cpi_pct,gdp_current_usd,date_gspc,sp500_log_return,damage_to_gdp,prediction_origin_session,P0,Y1_ASPI_5D_Forward_LogReturn_Pct,Y1_horizon_end_date,Y2_5D_Forward_AbnormalVolume_LogRatio,Y2_horizon_end_date,Y2_V_base,Y2_V_future5,Y3_ASPI_Recovery_Time,Y3_event_observed,Y3_censored,Y3_censor_reason,Y3_drawdown_occurred,Y3_label_end_date,Y1_ASPI_1D_Forward_LogReturn_Pct,Y1_1D_horizon_end_date,Y1_ASPI_10D_Forward_LogReturn_Pct,Y1_10D_horizon_end_date,Y1_ASPI_15D_Forward_LogReturn_Pct,Y1_15D_horizon_end_date,Y1_ASPI_20D_Forward_LogReturn_Pct,Y1_20D_horizon_end_date,Y2_1D_Forward_AbnormalVolume_LogRatio,Y2_1D_horizon_end_date,Y2_10D_Forward_AbnormalVolume_LogRatio,Y2_10D_horizon_end_date,Y2_20D_Forward_AbnormalVolume_LogRatio,Y2_20D_horizon_end_date,Y2_5D_Forward_AbnormalVolume_Pct,Y2_5D_Forward_AbnormalVolume_LogRatio_Winsorised,Y1_ASPI_1D_Forward_AbnormalReturn_Pct,Y1_1D_abnormal_horizon_end_date,Y1_ASPI_5D_Forward_AbnormalReturn_Pct,Y1_5D_abnormal_horizon_end_date,Y1_ASPI_10D_Forward_AbnormalReturn_Pct,Y1_10D_abnormal_horizon_end_date,Y1_ASPI_15D_Forward_AbnormalReturn_Pct,Y1_15D_abnormal_horizon_end_date,Y1_ASPI_20D_Forward_AbnormalReturn_Pct,Y1_20D_abnormal_horizon_end_date,market_model_alpha,market_model_beta,market_model_n,hz_precip_max3d,hz_precip_mean3d,hz_precip_spread3d,hz_districts_wet,hz_wind_max3d,hz_precip_anom,di_districts_hit,di_affected_log,di_houses_destroyed_log,di_houses_damaged_log,di_deaths_log,di_records,di_available,fx_logret_1,fx_logret_5,fx_vol_30,days_to_election,election_within_5d,log_damage_x_flood,volume_features_available,garch_cond_vol_available,macro_available
2000-09-18,exact_day,1.0,Flood,Natural,Hydrological,,missing_median_imputed,0.0,100000.0,2.0,1.0,,0.0,8000.0,,1.0,0.0,2000-0613-LKA,,,11.51293546492023,0.0,1.0,0.0,0.0,2000-09-17,520.0,0,2000-09-15,496.8,,local_archive,missing,-0.0006036824813579186,-0.0012062727638815322,-0.005610112890766788,-0.0003995205806237549,0.004597709248629328,499.48,498.51914708550146,-0.004764955553775874,-0.0028467253340181964,498.43,498.86888752265173,-0.0026683787091467126,-0.0035457964344818294,498.475,499.7186796762801,-0.002758413160138473,-0.005240307762712559,0.0036384864352015526,0.0030000695230818293,0.004415850352049076,0.004389366090180428,3.6443253829845374e-07,,,,,,,,,,,2000-09-15,-0.010221718934521251,,2000-09-18,496.8,2.700720141131102,2000-09-22,,,,,3.0,1,False,recovered,True,2000-09-20,-0.3427768251891656,2000-09-18,5.196738275889303,2000-09-29,4.544895477040096,2000-10-06,2.0323472971914027,2000-10-16,,,,,,,,,-0.25618626973069686,2000-09-18,3.121201444109751,2000-09-22,6.037038604202351,2000-09-29,5.807222465322933,2000-10-06,3.7177870188444806,2000-10-16,-0.0008362031835026229,0.0020291470660813806,167,24.619999999999997,15.572857142857144,5.716425789732934,0.0,9.89,0.6424429766365816,7.0,10.548310710265884,0.6931471805599453,3.828641396489095,1.0986122886681098,16.0,1.0,0.0012746974320005163,0.003189795368100081,0.0011625302314538686,22.0,0.0,,0.0,0.0,0.0
2000-11-18,exact_day,1.0,Flood,Natural,Hydrological,5609000.0,emdat_cpi_adjusted,1.0,300000.0,3.0,1.0,,0.0,7600.0,,1.0,0.0,2000-0741-LKA,,15.539883186775358,12.611541086966115,0.0,1.0,0.0,0.0,2000-11-17,61.0,1,2000-11-17,477.7,,local_archive,missing,-0.014959763715390399,-0.005347606326595353,-0.0018444517986477488,-0.005513030808649363,-0.004260937764486876,488.73999999999995,488.23490115578863,-0.007856938249375944,-0.006830525937195464,491.0400000000001,490.93357406616735,-0.012504072987944204,-0.012290000898072972,496.395,495.4794833164383,-0.023156961693812428,-0.021352010875658634,0.0019323267533202211,0.002748049194835149,0.0034767710432872215,0.005610544280311554,0.00022379453042031114,,,,,,,,,,,2000-11-17,-0.0033576006531063148,,2000-11-20,477.7,-3.8191308066834955,2000-11-24,,,,,26.0,0,True,next_disaster,True,2000-12-27,-0.5247152347480992,2000-11-20,-8.76776692881446,2000-12-01,-8.585118476211036,2000-12-08,-5.154673372599793,2000-12-15,,,,,,,,,-0.4210870205031152,2000-11-20,-3.3764234647231413,2000-11-24,-7.881507422810315,2000-12-01,-7.317638531856659,2000-12-08,-3.4199342166575644,2000-12-15,-0.0008460719988166577,0.010269321063748841,211,120.78999999999999,75.19571428571429,31.51134285573099,5.0,13.13,10.486888696472441,6.0,9.75010324563677,6.385194398997726,5.579729825986222,0.0,23.0,1.0,0.006222795438269086,0.007472014838700836,0.0030087311087344344,-39.0,0.0,15.539883186775358,0.0,0.0,0.0
2000-12-24,exact_day,1.0,Storm,Natural,Meteorological,,missing_median_imputed,0.0,375000.0,5.0,1.0,,0.0,,150.0,0.0,1.0,2000-0831-LKA,Cyclone 'BOB 06' (4B),,12.834683971615659,0.0,0.0,0.0,1.0,2000-12-23,36.0,2,2000-12-22,449.3,,local_archive,missing,0.011415904615787151,-0.004492370538105083,0.004042224232957293,-0.0076216463991795455,0.011527505171067414,447.26000000000005,445.6047859580209,-0.006841658095962266,-0.003152537859306692,444.85,445.4743314437409,-0.0014611666853996397,-0.0028606169958454997,442.71999999999997,449.5289266375681,0.003342970726418537,-0.011854468804550433,0.00975021136089916,0.007957928354281007,0.010934343773222884,0.009467669674755702,0.0001303228781967504,,,,,,,,,,,2000-12-22,0.02409435072348548,,2000-12-27,449.3,-0.5579748881068609,2001-01-03,,,,,7.0,1,False,recovered,True,2001-01-05,-0.3790839638344107,2000-12-27,0.08898777005474354,2001-01-11,0.48845567809258966,2001-01-19,-2.1825593546647983,2001-01-26,,,,,,,,,-0.29376616123348087,2000-12-27,-0.0797618998557848,2001-01-03,1.0887696627428736,2001-01-11,1.9845665348532853,2001-01-19,-0.1877358686743129,2001-01-26,-0.0010144458692889287,0.009249179812489563,236,26.759999999999998,8.182857142857143,8.658211351631685,0.0,10.82,-0.016788482834994567,13.0,13.804972224271314,9.204221690968005,11.196034262467789,2.0794415416798357,100.0,1.0,-0.006064299967511365,-0.0018231545615150252,0.0031088120103358813,-75.0,0.0,0.0,0.0,0.0,0.0
2001-09-01,month_only,0.0,Drought,Natural,Climatological,,missing_median_imputed,0.0,1000000.0,,0.0,,0.0,,,0.0,0.0,2001-9498-LKA,,,13.815511557963774,1.0,0.0,0.0,0.0,2001-08-31,251.0,3,2001-08-31,407.3,45529800.0,local_archive,local_archive,0.01210339586883753,0.008234606730841146,0.019226496623830518,0.003582398918246864,0.0049013383300883055,394.34000000000003,395.9359682287903,0.020439214890703328,0.016325952401158084,390.02,394.39746282497936,0.03174196195066914,0.020290539187803658,397.775,398.11600200709444,0.011627176167431363,0.010760677720332401,0.006565041103013543,0.007513177369801571,0.009800339145934018,0.008202294846528572,0.0001464921915577934,,-0.7795590441905397,1.0630585060295097,0.7589832987183527,1.1447365151868971,-2.7252549503775243,2001-07-01,6.00003315828934,6.17627591012045,16595882818.6857,2001-08-31,0.004021844613325859,,2001-09-03,407.3,0.19622277573932337,2001-09-07,-1.022943962183339,2001-09-07,4099195.6666666665,1473804.0,5.0,1,False,recovered,True,2001-09-07,-2.1842516424097154,2001-09-03,0.6363212855924795,2001-09-14,-2.4858351833813597,2001-09-21,-0.9125726174912967,2001-09-28,-0.09234708139116728,2001-09-03,-1.133729656321158,2001-09-14,-0.8700025476391875,2001-09-28,-64.04650766040525,-1.022943962183339,-2.107488369339349,2001-09-03,0.6279293923694232,2001-09-07,1.444944928407256,2001-09-14,-1.1563300438562631,2001-09-21,0.7174645394608339,2001-09-28,-0.0007676327307036666,0.011116049563101017,250,4.21,2.1,1.175428999698975,0.0,9.73,-0.17048929663608547,9.0,14.061491343181242,0.6931471805599453,1.0986122886681098,0.0,68.0,1.0,0.0,0.0005557099337229548,0.0010032774905812407,95.0,0.0,0.0,1.0,0.0,1.0
2002-12-16,exact_day,1.0,Flood,Natural,Hydrological,,missing_median_imputed,0.0,500000.0,2.0,1.0,,0.0,14150.0,,1.0,0.0,2002-0788-LKA,,,13.122365377402328,0.0,1.0,0.0,0.0,2002-12-15,471.0,0,2002-12-13,781.3,1454700.0,local_archive,local_archive,-0.003577364234177745,-0.0019111938033798802,-0.0025425897247143654,-0.0015224565234551268,-0.002276752817531455,787.1600000000001,787.2184484306083,-0.0038873926520657243,-0.003961350800181562,791.8100000000001,790.6999456059223,-0.00973718442555671,-0.00834696605532792,795.4300000000001,795.2130352158831,-0.014243868096501355,-0.013974915807141053,0.0005639949342998948,0.0034518247907562517,0.006477491817311836,0.007429106310440918,1.2797534863974123e-05,0.0052654822485196815,-0.22290290361117726,-0.2581351463872117,-0.3247753635594617,0.595565587753389,-0.2765143895413702,2002-07-01,-1.54540813366026,14.15845579912,15749753804.8344,2002-12-13,-0.013511798295627903,,2002-12-16,781.3,2.139999361193508,2002-12-23,-0.0379466911162627,2002-12-23,2538108.3333333335,2443600.0,3.0,1,False,recovered,True,2002-12-18,0.0,2002-12-16,4.235160609771329,2002-12-31,5.284718694450449,2003-01-08,7.0893874987667225,2003-01-16,-0.7563739050865591,2002-12-16,0.07215115334606297,2002-12-31,0.366677636942537,2003-01-16,-3.723573658860113,-0.0379466911162627,-0.039726342805017335,2002-12-16,1.4483653585694984,2002-12-23,2.720579888856323,2002-12-31,3.1923880164376737,2003-01-08,4.288330538661926,2003-01-16,0.0014644525838319147,-0.04590635487375995,250,77.67,42.01857142857143,23.402832042704738,2.0,10.24,1.0426929944239456,9.0,12.061029532289096,4.343805421853684,6.0473721790462776,0.0,59.0,1.0,0.0,-0.0005169294506424947,0.0007626564109964378,-376.0,0.0,,1.0,1.0,1.0
2003-05-17,exact_day,1.0,Flood,Natural,Hydrological,50753000.0,emdat_cpi_adjusted,1.0,695000.0,235.0,1.0,,0.0,13490.0,,1.0,0.0,2003-0229-LKA,,17.74248130714281,13.451668563394815,0.0,1.0,0.0,0.0,2003-05-16,152.0,1,2003-05-13,844.8,8720800.0,local_archive,local_archive,0.0005920312765426831,-0.00943069585279771,-0.00011732269621011736,0.005411141305925364,0.0119862396316238,847.22,844.5549615108591,-0.0034465664172235178,-0.00030188859515201116,835.95,835.9094867516312,0.009988635683952252,0.0100375858646784,818.785,817.5386466611101,0.031162026661455622,0.03273405293827425,0.00864828515309361,0.0071681353731533805,0.00823184908587514,0.0101687417879553,3.505010324047589e-07,0.009696814787668805,0.42332970800978553,0.3005957487412234,0.011239975509186984,0.7718762990966825,0.664641164227994,2002-07-01,-1.54540813366026,14.15845579912,15749753804.8344,2003-05-16,-0.0025066462131605963,0.0032224630701478854,2003-05-19,844.8,-0.9992945397518466,2003-05-23,-0.048382964066170486,2003-05-23,4981220.833333333,4745952.0,2.0,1,False,recovered,True,2003-05-20,-0.011837821854594543,2003-05-19,1.6319704726442168,2003-05-30,6.673337630475612,2003-06-06,10.112570923654074,2003-06-13,-1.7413458306789722,2003-05-19,-0.12437369511143771,2003-05-30,0.33690610571329127,2003-06-13,-4.723115902811637,-0.048382964066170486,-0.13274161172241614,2003-05-19,-1.636108582410754,2003-05-23,0.3456213671407611,2003-05-30,4.739665087954513,2003-06-06,7.5388687183458725,2003-06-13,0.0012795346344935596,0.0030500395003023157,250,48.81999999999999,27.035714285714285,19.145923723813777,0.0,10.42,0.5087282116166989,16.0,13.239132565958048,8.969796305981806,10.137966613514083,5.883322388488279,517.0,1.0,0.0,0.0005142710321623215,0.0006379192178597038,321.0,0.0,17.74248130714281,1.0,1.0,1.0
2004-12-11,exact_day,1.0,Flood,Natural,Hydrological,,missing_median_imputed,0.0,200000.0,6.0,1.0,,0.0,23460.0,,1.0,0.0,2004-0652-LKA,,,12.206077645517674,0.0,1.0,0.0,0.0,2004-12-10,574.0,0,2004-12-10,1521.06,2704200.0,local_archive,local_archive,-0.0013796639750791914,0.002939003052456533,-9.876445672748167e-05,0.009758821447407164,0.005289894509322696,1510.534,1512.5899317338312,0.008358633436917007,0.006988059383717271,1501.0040000000001,1503.395057375693,0.014760786780048551,0.013146872159343292,1485.4395,1495.8544905038686,0.025393494652592885,0.01825412141988081,0.004587719836092288,0.005902291970179199,0.007264259309142173,0.00857006416145367,1.9034726841313156e-06,0.0071063944364965215,-0.22708418125215757,-0.14750698350448732,-0.2438196854121406,0.5720866669534623,-0.2139769660100401,2004-07-01,5.9402690780223,6.31463787051174,18881765437.2151,2004-12-10,-0.00104321848187489,,2004-12-13,1521.06,1.060065578150802,2004-12-17,0.05679159781726008,2004-12-17,7858846.666666667,8318080.0,0.0,0,True,no_drawdown,False,2004-12-13,0.37469325260674174,2004-12-13,-1.1006665470611623,2004-12-28,0.24230019635586791,2005-01-04,2.659160091758516,2005-01-11,-0.6377607397066101,2004-12-13,0.17002693648531636,2004-12-28,0.393688207030407,2005-01-11,5.843520720173534,0.05679159781726008,0.6063395372148247,2004-12-13,0.7130810766141444,2004-12-17,-1.3812518232363535,2004-12-28,-1.3914575680060228,2005-01-04,0.31781323645533677,2005-01-11,0.0010902408960770016,-0.38064684969463686,250,30.509999999999998,14.731428571428571,7.2887960335742425,0.0,8.61,-0.28954199559064064,16.0,12.545867926148318,6.8658910748834385,8.448057452581375,2.3978952727983707,123.0,1.0,9.53061711468201e-05,0.002672012277810989,0.0019265858861613186,-231.0,0.0,,1.0,1.0,1.0
2004-12-26,exact_day,1.0,Other,Natural,Geophysical,2243914000.0,emdat_cpi_adjusted,1.0,1019306.0,35399.0,1.0,480000.0,1.0,,,0.0,0.0,2004-0659-LKA,,21.531487499897434,13.834633542590982,0.0,0.0,1.0,0.0,2004-12-25,15.0,1,2004-12-23,1572.55,8839400.0,local_archive,local_archive,-0.00514397574717255,0.02509300020129582,0.0013827355044046764,0.0013586296184395384,0.0010872698810104394,1545.274,1550.4622285753048,0.02289949872967534,0.019476625014234195,1534.943,1537.2632954905416,0.029784167881152568,0.028229844969797746,1516.2585000000001,1522.0597971017862,0.042473958101471476,0.03850059177030807,0.010321714568680668,0.007741056032999204,0.0067962610891220444,0.007357482698361169,2.646048648749939e-05,0.02049746325318045,2.511502406983718,0.3250889560115193,0.16345318665469644,0.6698570535854033,2.062827835049734,2004-07-01,5.9402690780223,6.31463787051174,18881765437.2151,2004-12-23,0.0004629157457973036,0.11884026456431598,2004-12-28,1572.55,-4.108566689494674,2005-01-03,-0.4475365437655523,2005-01-03,7810033.333333333,4992180.0,13.0,1,False,recovered,True,2005-01-13,-4.429771082908686,2004-12-28,-0.28274330605155956,2005-01-10,0.2838484619316521,2005-01-18,4.419045243777238,2005-01-27,-0.5796627248667113,2004-12-28,0.5561983484536633,2005-01-10,0.435477832862943,2005-01-27,-36.07991429827444,-0.4475365437655523,-4.478679348896176,2004-12-28,-5.039554146372897,2005-01-03,-2.2511238420701294,2005-01-10,-2.235733910748598,2005-01-18,0.5910277959885746,2005-01-27,0.0014202463210230573,-0.33091046356550136,250,24.189999999999998,6.918571428571428,8.483977896740475,0.0,9.1,-0.691869903681766,19.0,13.801868932658726,10.953382174406809,10.793803850638048,10.34051592510041,136.0,1.0,-0.0023929181076127494,-0.00858783903928105,0.0018553491514470275,-246.0,0.0,0.0,1.0,1.0,1.0
2005-11-21,exact_day,1.0,Flood,Natural,Hydrological,,missing_median_imputed,0.0,145000.0,6.0,1.0,,0.0,29870.0,,1.0,0.0,2005-0646-LKA,,,11.884495917930655,0.0,1.0,0.0,0.0,2005-11-20,330.0,2,2005-11-18,2328.92,21862300.0,local_archive,local_archive,-0.07096608786830536,-0.020275418856836737,0.04669117747797887,-0.015072569542260859,-0.004172663523091911,2481.0379999999996,2493.8402149456606,0.007723380294860638,0.002550197489087358,2490.445,2488.158965773882,0.003916970661869579,0.00483933478196108,2478.3869999999997,2475.2501091940117,0.008801288902822835,0.010079745361212034,0.026839368164279124,0.018999221888768295,0.014663581273591915,0.012991413759313331,0.0050361856273320365,0.0286801069467998,0.16152787894791265,0.02170853025322117,0.013185432201738179,0.5354619402339472,-0.443913527306894,2005-07-01,5.44506127885352,7.57592582995856,20662525941.2985,2005-11-18,0.004391670522724698,,2005-11-21,2328.92,-5.3965367131278,2005-11-25,0.40928353337185397,2005-11-25,20159143.333333332,30354400.0,90.0,0,True,90_day_cap,True,2006-04-04,-7.5338086644693085,2005-11-21,-3.117321292330982,2005-12-02,-7.560665241250694,2005-12-09,-9.308330160765458,2005-12-19,0.33216856530643263,2005-11-21,0.08651094118077177,2005-12-02,-0.21082919505331466,2005-12-19,50.573858710596674,0.40928353337185397,-7.613880662388324,2005-11-21,-5.985976395762454,2005-11-25,-4.630153190191324,2005-12-02,-10.03360663755255,2005-12-09,-12.651263867858322,2005-12-19,0.0017558508474950815,-0.1816730725587613,250,111.94999999999999,77.96571428571428,30.496610662576284,5.0,12.13,2.0981096626398803,17.0,12.586671125908211,6.261491684321042,9.032886946579088,2.70805020110221,267.0,1.0,0.0,-0.001965602598459067,0.001439654733443916,-4.0,1.0,,1.0,1.0,1.0
2006-10-26,exact_day,1.0,Flood,Natural,Hydrological,4791000.0,emdat_cpi_adjusted,1.0,333002.0,25.0,1.0,,0.0,6890.0,,1.0,0.0,2006-0602-LKA,,15.38224992458993,12.715906777931009,0.0,1.0,0.0,0.0,2006-10-25,339.0,1,2006-10-25,2507.42,19334700.0,local_archive,local_archive,0.0015206457491475911,0.012872022074342187,0.0072605033379267115,-0.002527664193824894,-0.00614669037984081,2468.552,2476.20625475466,0.014201847884913965,0.011066826599246626,2467.599,2462.111221314215,0.014593538091075553,0.01685495696804229,2427.5090000000005,2426.6013777516255,0.03134942033170618,0.03173517618280064,0.00758119178633979,0.00590943559943086,0.006238700924528981,0.00701222291331509,2.3123634944006385e-06,0.010762531831178455,0.069752399429166,-0.20248383915245838,-0.10955451964025364,0.4748113778600197,0.025697245436597467,2006-07-01,6.24174804376447,11.6396860971118,24405791044.7761,2006-10-25,0.003507733603266655,0.00019630586819374912,2006-10-26,2507.42,-1.2295006612594368,2006-11-01,0.060539659114885735,2006-11-01,16610070.0,17646700.0,7.0,1,False,recovered,True,2006-11-03,-0.17803045589323263,2006-10-26,2.0022186761317817,2006-11-08,6.187237270951374,2006-11-15,6.048807655674788,2006-11-22,-0.4357733752076429,2006-10-26,0.7432663486726903,2006-11-08,0.5601449309682316,2006-11-22,6.240973096440895,0.060539659114885735,-0.20715211580304477,2006-10-26,-1.1545581742970703,2006-11-01,2.0050716786174148,2006-11-08,6.1506106537980525,2006-11-15,5.978997180525164,2006-11-22,-1.8683431599224547e-05,0.06259664811379927,250,119.5,85.24857142857142,16.914582888316055,7.0,8.0,3.4654630950570535,17.0,12.888474804553939,6.535241271013659,8.047829357457841,2.9444389791664403,544.0,1.0,-0.0009398496932423847,-0.006093292815660049,0.004651689676199028,-343.0,0.0,15.38224992458993,1.0,1.0,1.0
2007-01-12,exact_day,1.0,Flood,Natural,Hydrological,,missing_median_imputed,0.0,35000.0,18.0,1.0,,0.0,10420.0,,1.0,0.0,2007-0012-LKA,,,10.463131911491967,0.0,1.0,0.0,0.0,2007-01-11,78.0,1,2007-01-11,2766.51,15124000.0,local_archive,local_archive,0.012680775797275992,0.005984963706696058,-0.0016742564050799395,-0.007202208637206132,-0.0003314919170005954,2730.234,2727.9929341526777,0.0005186368640930361,0.0013405701318132124,2730.7650000000003,2728.217312300161,0.0003240850091457137,0.0012582163760792575,2723.947,2722.038458760248,0.002827881746597871,0.003531008611880493,0.004715072877640357,0.0052354813486546635,0.005446164299467397,0.006984639082916837,0.00016080207482078058,0.007490111702641628,1.051299483925293,0.10250599627184531,-0.21199110544937527,0.6277816443301417,1.2211061811126405,2006-07-01,6.24174804376447,11.6396860971118,24405791044.7761,2007-01-11,0.006319861629223327,,2007-01-12,2766.51,5.08825843958122,2007-01-19,0.7956072679655335,2007-01-19,10507006.666666666,23281280.0,0.0,0,True,no_drawdown,False,2007-01-12,1.5729549250366126,2007-01-12,5.999951511691328,2007-01-26,6.4082969912720165,2007-02-06,8.648409971966501,2007-02-13,0.501117800073246,2007-01-12,0.7442088011042985,2007-01-26,0.6765667725162571,2007-02-13,121.5786164280217,0.7267518181725379,1.3537283299586178,2007-01-12,4.223655395696695,2007-01-19,4.395409583796539,2007-01-26,3.781312269253573,2007-02-06,5.242987308088921,2007-02-13,0.0016182064381235163,0.11857237579381356,250,137.57,62.53571428571428,50.11592290451637,5.0,8.76,3.1869918699186988,12.0,10.99619913288327,6.748759547491679,7.983440063006542,3.044522437723423,238.0,1.0,0.00046093570763085516,-0.001381533721924465,0.0024753303603945094,-421.0,0.0,,1.0,1.0,1.0
2007-05-02,exact_day,1.0,Flood,Natural,Hydrological,78000.0,emdat_cpi_adjusted,1.0,121000.0,15.0,1.0,,0.0,3340.0,,1.0,0.0,2007-0187-LKA,,11.264476926102367,11.703554089007538,0.0,1.0,0.0,0.0,2007-05-01,110.0,2,2007-04-30,2811.29,2465400.0,local_archive,local_archive,-0.004737470113546934,-0.006855202009178986,0.009286783982881876,0.011378359917097057,0.007213799027065507,2811.808,2819.1943907863597,0.004563611740204143,0.0019316189161830977,2815.303,2814.5170983368066,0.0033165169077715717,0.003596674423891555,2808.955,2817.2824170625863,0.005583927118803844,0.0026115887043673958,0.007560856269131368,0.009710982812743808,0.007818331841006434,0.010101068990163529,2.2443623076750397e-05,0.010116525123526796,-0.35883249484462953,-0.4301246648083382,-0.43535453985312667,0.5729422867144485,-0.06139714620692909,2006-07-01,6.24174804376447,11.6396860971118,24405791044.7761,2007-05-01,0.0026476879873137942,3.1959627883766295e-06,2007-05-03,2811.29,-3.830127355552463,2007-05-09,-0.4044924579527853,2007-05-09,7410468.7,4945120.0,90.0,0,True,90_day_cap,True,2007-09-07,-0.36776669761198433,2007-05-03,-10.704997686614306,2007-05-16,-9.090555084718062,2007-05-23,-11.403821989419907,2007-05-30,-0.6092762081696507,2007-05-03,-0.0490947391937721,2007-05-16,1.0606262847785248,2007-05-30,-33.268458444470596,-0.4044924579527853,-0.5677798089662298,2007-05-03,-4.34145002020974,2007-05-09,-11.528148932539645,2007-05-16,-10.270664884592735,2007-05-23,-12.939298126033895,2007-05-30,0.0006021723549331602,0.10420841040921718,250,14.3,6.8828571428571435,5.366347964509055,0.0,6.61,-0.6879657543261487,20.0,12.115283231647444,4.394449154672439,7.719573989259581,2.833213344056216,222.0,1.0,-0.000451977408824376,0.0063492276786587445,0.0031981659707229783,374.0,0.0,11.264476926102367,1.0,1.0,1.0
2007-12-16,exact_day,1.0,Flood,Natural,Hydrological,,missing_median_imputed,0.0,250000.0,,0.0,,0.0,7950.0,,1.0,0.0,2007-0609-LKA,,,12.429220196836383,0.0,1.0,0.0,0.0,2007-12-15,228.0,2,2007-12-14,2507.02,4777100.0,local_archive,local_archive,-0.0023745031077044526,-0.004589567998449942,0.0003724143985168653,0.005865958590116902,-0.007158402612940419,2516.77,2519.3116424344103,-0.0015058984333093939,-0.0025132430334390277,2523.686,2528.4116839742414,-0.004242207628048833,-0.006103311447281934,2554.1699999999996,2548.17212247965,-0.016126569492241893,-0.013810732080925647,0.004989667466874505,0.00579522187055428,0.005103470050116216,0.005152443908710017,5.638265008498103e-06,0.007252582507229164,-0.7328629237967885,-0.43902635863601425,-0.40568122469028667,0.7860634018605973,-1.0597818240371324,2007-07-01,7.66829190107919,10.0201836057035,28267410542.5164,2007-12-14,-0.013841622651711093,,2007-12-17,2507.02,0.7467006556873607,2007-12-24,-0.37882704812059104,2007-12-24,12247198.333333334,8385216.0,4.0,1,False,recovered,True,2007-12-20,-0.282406513272748,2007-12-17,2.0951523421671756,2008-01-02,-4.219791307300301,2008-01-09,-5.246500812018425,2008-01-17,-1.182715038201909,2007-12-17,-0.41457601672699734,2008-01-02,-0.5724827874577239,2008-01-17,-31.533598364469483,-0.37882704812059104,-0.3168176034741067,2007-12-17,1.052187176212592,2007-12-24,2.440837262546657,2008-01-02,-3.7993790221009593,2008-01-09,-4.8958891292205,2008-01-17,-0.0004174588284408534,-0.05031893316947143,250,33.5,23.67285714285714,7.3629109150428524,0.0,9.95,1.362332436596077,16.0,12.61978035652674,7.066466970136958,8.790116892892472,1.791759469228055,577.0,1.0,-0.00027539358507004804,0.005708513798614044,0.0026598629524636546,146.0,0.0,,1.0,1.0,1.0
2008-03-12,exact_day,1.0,Flood,Natural,Hydrological,,missing_median_imputed,0.0,54323.0,8.0,1.0,,0.0,43220.0,,1.0,0.0,2008-0132-LKA,,,10.902721397223958,0.0,1.0,0.0,0.0,2008-03-11,87.0,2,2008-03-11,2571.52,19842900.0,local_archive,local_archive,0.0015839753300610844,0.0,0.00047529258659154323,0.0015521171181352893,0.0010583683161540123,2559.384,2559.468243279598,0.003151539589213659,0.0031185214902975655,2545.0510000000004,2545.944535438962,0.00880100241606141,0.008446949358749567,2521.0855,2524.2851334208717,0.018390689248738212,0.01709983789376124,0.00473077307223787,0.003785264597785385,0.004252265158707067,0.004578563250017063,2.5089778462421213e-06,0.006107567940359427,0.1887692886964476,0.2772645072515194,0.511709005670671,0.6791980718603505,-0.12338701465926057,2007-07-01,7.66829190107919,10.0201836057035,28267410542.5164,2008-03-11,0.03645713261332977,,2008-03-12,2571.52,-0.7898050156386439,2008-03-18,0.40448574244420615,2008-03-18,15381937.166666666,23050320.0,13.0,1,False,recovered,True,2008-04-01,0.21404092816828799,2008-03-12,-0.9066769404641071,2008-03-27,2.22965502829386,2008-04-03,1.6625432345917797,2008-04-10,0.5919536155056662,2008-03-12,0.19125018151868955,2008-03-27,1.153699288466713,2008-04-10,49.85316706371066,0.40448574244420615,0.29427631147389355,2008-03-12,-0.50288442188457,2008-03-18,-0.30824898295063186,2008-03-27,3.0615248819369407,2008-04-03,2.81169609933416,2008-04-10,-0.0006067859317949418,0.021642527319483938,250,75.53,47.940000000000005,17.28940716161199,4.0,12.46,2.5949574430587097,19.0,12.43068312038575,5.638354669333745,7.409741954080923,2.4849066497880004,512.0,1.0,0.0002791606587709983,-0.0031583862762320854,0.0007477498690114485,59.0,0.0,,1.0,1.0,1.0
2008-04-27,exact_day,1.0,Storm,Natural,Meteorological,,missing_median_imputed,0.0,50000.0,9.0,1.0,,0.0,,,0.0,0.0,2008-0184-LKA,Cyclone 'Nargis',,10.819798284210286,0.0,0.0,0.0,1.0,2008-04-26,46.0,3,2008-04-25,2651.64,33009281.0,local_archive,local_archive,-0.009705206836890034,-0.0014070395340627178,0.003085384609193087,0.003778157921775087,0.009053408154253349,2673.308,2669.2111032443877,0.0015680946602487644,0.003105373248873944,2647.924,2652.568663259871,0.01116950486494317,0.00939894114163664,2617.529,2625.6285755199533,0.02291130298842914,0.01975581198485954,0.004845164487864234,0.004440095050423301,0.007276821649322582,0.006627795958637648,9.419103974681706e-05,0.006216257602147489,-0.7470533644779014,-0.18437067481569924,-0.4275179004535913,2.861731220568069,-0.10030218641760247,2007-07-01,7.66829190107919,10.0201836057035,28267410542.5164,2008-04-25,0.006473736528735971,,2008-04-28,2651.64,-0.1286824194010894,2008-05-05,-1.4643555961921482,2008-05-05,42001653.03333333,9711914.0,21.0,0,True,next_disaster,True,2008-05-29,-0.5126936663028946,2008-04-28,-0.753689188848812,2008-05-12,-2.475286013993374,2008-05-21,-5.061390609658087,2008-05-28,-1.0272616497434415,2008-04-28,-1.3454955410354381,2008-05-12,-1.5759240861332662,2008-05-28,-76.87730529964514,-1.0839371904799626,-0.4852885782633193,2008-04-28,-0.05319379619367948,2008-05-05,-0.5537398433796483,2008-05-12,-2.1182851966354304,2008-05-21,-4.594503381898884,2008-05-28,-0.00022072042807454702,0.05068688343015405,250,55.22,37.72428571428572,16.61812951482292,1.0,8.38,1.0337502111717298,13.0,11.436886398684639,4.948759890378168,6.639875833826536,2.70805020110221,353.0,1.0,0.00027825441908413997,-0.00046358537754823944,0.0007393768277465697,13.0,0.0,0.0,1.0,1.0,1.0
2008-05-29,exact_day,1.0,Flood,Natural,Hydrological,,missing_median_imputed,0.0,362582.0,25.0,1.0,,0.0,40670.0,,1.0,0.0,2008-0224-LKA,,,12.801008692585505,0.0,1.0,0.0,0.0,2008-05-28,32.0,3,2008-05-28,2520.77,5356500.0,local_archive,local_archive,-0.01500916030622396,-0.005121899669478558,-0.0053317328761699374,-0.005072618602536576,-0.003792845222491776,2580.488,2578.504418278602,-0.008369734716844213,-0.007606897292693593,2596.245,2593.4477209347097,-0.014388087410856842,-0.013325011588147473,2618.8219999999997,2607.3540997513555,-0.022885098719958696,-0.018587463726533082,0.004293437736658756,0.0034503923191250064,0.003742499304620251,0.004562865151609896,0.00022527489309792892,0.007778805007341152,-0.6088820138971172,-0.5532477866310712,-0.5318335664767868,1.0952325527975562,-0.2796495839688855,2007-07-01,7.66829190107919,10.0201836057035,28267410542.5164,2008-05-28,0.003955058916479667,,2008-05-29,2520.77,-1.1607228641404435,2008-06-04,-0.44387244316480867,2008-06-04,14657074.766666668,9403206.0,2.0,1,False,recovered,True,2008-05-30,-0.5621199467116547,2008-05-29,-1.8352297613891833,2008-06-11,-3.5410575954259955,2008-06-19,-1.6624449363816531,2008-06-26,-0.044978345275403585,2008-05-29,-0.6020658118817532,2008-06-11,-0.24607774810185465,2008-06-26,-35.845275065493226,-0.44387244316480867,-0.5811662366327763,2008-05-29,-1.0644516052272528,2008-06-04,-1.5329163579409908,2008-06-11,-3.2230280385297316,2008-06-19,-1.06112380713668,2008-06-26,-8.901078220763836e-05,0.05252517402993709,250,18.55,6.381428571428572,7.135193126494961,0.0,9.89,-0.3099267454029003,15.0,13.074076086772802,6.587550014824796,8.050065422915965,3.1780538303479458,548.0,1.0,0.0002782028116426384,0.0002782028116426384,0.0006122600803640505,-19.0,0.0,,1.0,1.0,1.0
2008-11-22,exact_day,1.0,Flood,Natural,Hydrological,,missing_median_imputed,0.0,360000.0,15.0,1.0,,0.0,103400.0,,1.0,0.0,2008-0560-LKA,,,12.793862088206213,0.0,1.0,0.0,0.0,2008-11-21,177.0,4,2008-11-21,1669.88,4380400.0,local_archive,local_archive,-0.02478199722976825,-0.003347625089952073,-0.020977594494510903,-0.0187296142735058,-0.01565095545133128,1750.852,1750.0560422822655,-0.02231599244253657,-0.021871323750495053,1808.3239999999998,1787.809870468626,-0.053388662651162044,-0.04252682107001504,1824.55,1843.6135052858742,-0.061807020909265264,-0.07150821194783552,0.01002073269525307,0.00845464012668199,0.022361402019408082,0.02254115007103021,0.0006141473866962412,0.015108968151288635,-0.22426192745493312,0.10810564061412253,-0.08674435159206872,0.4819252544680263,-0.3304719489719637,2008-07-01,6.79682611892866,15.8421114924843,32350238760.4239,2008-11-21,0.06132800111506746,,2008-11-24,1669.88,-1.8092111758459324,2008-11-28,0.11207622412802486,2008-11-28,7290983.1,8155680.0,35.0,1,False,recovered,True,2009-01-19,-0.8835961694479987,2008-11-24,-6.348032251407826,2008-12-05,-9.128864614988434,2008-12-16,-10.650696349319597,2008-12-23,-0.32312904867356873,2008-11-24,-0.22092178076100866,2008-12-05,-0.490419426189907,2008-12-23,11.85981215619607,0.11207622412802486,-0.8522547518348617,2008-11-24,-1.1964639744981684,2008-11-28,-4.811717171846276,2008-12-05,-6.815473831333706,2008-12-16,-7.337194324341218,2008-12-23,-0.0017433372378088993,0.02280061547602736,250,37.690000000000005,26.34714285714286,8.551658151660247,0.0,10.11,0.9319742373247915,16.0,11.519036752951077,3.871201010907891,5.365976015021851,1.0986122886681098,198.0,1.0,0.0009095043828403909,0.00027276446957320307,0.003322658978190406,84.0,0.0,,1.0,1.0,1.0
2009-08-15,exact_day,1.0,Flood,Natural,Hydrological,,missing_median_imputed,0.0,20000.0,,0.0,,0.0,,,0.0,0.0,2009-0336-LKA,,,9.90353755128617,0.0,1.0,0.0,0.0,2009-08-14,266.0,1,2009-08-14,2501.19,11014700.0,local_archive,local_archive,-0.00383879162554445,0.0007769435433370358,-0.006380912352784533,0.0008518748695025215,0.0007553662006534296,2519.3779999999997,2515.874640817405,-0.0034008394135376374,-0.0020130735988338477,2519.172,2512.255103438274,-0.0033193446100544532,-0.0005752216151522216,2493.0815000000002,2488.32769314013,0.007111079200579518,0.009035106960328942,0.0031965566553790073,0.0038017817339616555,0.006610402773632307,0.006592517101723873,1.47363211443502e-05,0.006305230751631249,-0.3744337022099208,-0.17513720893409246,-0.13242732298204607,0.6209733167847853,-0.2321138820564914,2009-07-01,5.95008814473897,22.5644955300126,40713826215.0093,2009-08-14,-0.008567949977279207,,2009-08-17,2501.19,0.8650342250321044,2009-08-21,-0.1783316177217777,2009-08-21,14934055.0,12494800.0,2.0,1,False,recovered,True,2009-08-18,-0.029190367386100733,2009-08-17,3.932158312612889,2009-08-28,6.701452327551778,2009-09-07,13.484141019969236,2009-09-14,-0.5189308720788808,2009-08-17,0.1782960254216241,2009-08-28,0.8157542285459688,2009-09-14,-16.333507543664457,-0.1783316177217777,-0.06188226183348766,2009-08-17,0.8092797548795886,2009-08-21,3.8064978428979135,2009-08-28,6.494723139771833,2009-09-07,13.229245695133475,2009-09-14,0.0001438739213295032,-0.007452985135785655,250,25.589999999999996,19.785714285714285,4.782171254227717,0.0,8.96,3.2970235593186423,13.0,9.38252741428954,2.0794415416798357,3.9512437185814275,1.6094379124341003,124.0,1.0,0.0016552689234828448,0.0006095171941933084,0.0013701728036066808,-7.0,0.0,,1.0,1.0,1.0
2009-11-21,exact_day,1.0,Flood,Natural,Hydrological,,missing_median_imputed,0.0,60000.0,,0.0,60000.0,1.0,,,0.0,0.0,2009-0501-LKA,,,11.002116507732017,0.0,1.0,0.0,0.0,2009-11-20,98.0,2,2009-11-20,2933.35,13858900.0,local_archive,local_archive,-0.009304255023735119,-0.0034155675714032103,-0.004148373054398382,0.0013551455668502693,0.01755598275533287,2974.7079999999996,2960.249089075261,-0.004685501904724609,0.00017596861245938733,2927.8199999999997,2950.52541150757,0.011254107151396076,0.003472123457223697,2951.515,2956.197219713465,0.0031356777790390034,0.0015468454729750114,0.008852691896701766,0.013139539233069793,0.013007007099294718,0.012670951257471322,8.65691615467002e-05,0.008479622553127886,-0.2738365643720211,-0.39761564970827057,-0.43461805621121463,0.6334746196449099,0.3263870319005645,2009-07-01,5.95008814473897,22.5644955300126,40713826215.0093,2009-11-20,-0.0032201022062016984,,2009-11-23,2933.35,-1.8715996797665932,2009-11-27,-0.94072268032538,2009-11-27,25152016.666666668,9817980.0,7.0,1,False,recovered,True,2009-12-02,-0.07775705406082475,2009-11-23,3.0888283434546753,2009-12-07,3.5640029760265803,2009-12-14,9.766122287556437,2009-12-21,-1.1038149122724321,2009-11-23,-0.55462575807573,2009-12-07,-0.38037173354713344,2009-12-21,-60.965436171122136,-0.94072268032538,-0.20143704519685154,2009-11-23,-2.7153358499183,2009-11-27,1.43678525192078,2009-12-07,1.1005787468427672,2009-12-14,6.458446027160796,2009-12-21,0.0016881449656943937,-0.03337384846765647,250,62.489999999999995,47.298571428571435,11.393661144939948,3.0,6.88,0.2350685294153041,14.0,10.97748264243684,3.8918202981106265,5.288267030694535,0.6931471805599453,129.0,1.0,-0.00017508535455739647,-0.002011633161858911,0.0006178728587916507,66.0,0.0,,1.0,1.0,1.0
2009-12-14,exact_day,1.0,Flood,Natural,Hydrological,,missing_median_imputed,0.0,300000.0,3.0,1.0,,0.0,15650.0,,1.0,0.0,2009-0551-LKA,,,12.611541086966115,0.0,1.0,0.0,0.0,2009-12-13,23.0,2,2009-12-11,3056.64,6826800.0,local_archive,local_archive,-0.0011019104709245097,0.002378635942169989,1.9654667492791117e-05,0.008986495270505046,-0.0014254932521416822,3038.2259999999997,3034.5696577555514,0.007169973530606555,0.00838350906838814,2979.048,3001.7110653017944,0.027177138468396755,0.019421900852520713,2959.4965,2975.48820689441,0.0339630406726279,0.028406025239739785,0.0047634152957076415,0.006903751716257196,0.010568883502217715,0.011579587491788024,1.2142066859330747e-06,0.0074325255510564224,0.41646827709603507,-0.11014601278157243,0.013313841873295207,0.40923983526428215,0.6012019129967482,2009-07-01,5.95008814473897,22.5644955300126,40713826215.0093,2009-12-11,0.0036763280289124935,,2009-12-14,3056.64,4.233466894667471,2009-12-18,0.5002601757208155,2009-12-18,15238963.633333333,25131341.2,2.0,1,False,recovered,True,2009-12-15,-0.5531129083524222,2009-12-14,9.011753467475007,2009-12-28,13.81174112082942,2010-01-06,14.588064301273263,2010-01-13,-0.6147095804979028,2009-12-14,0.3664598533246028,2009-12-28,0.5801958393913763,2010-01-13,64.91502837521264,0.5002601757208155,-0.7782754564228958,2009-12-14,2.9298659186525224,2009-12-18,6.526654437809265,2009-12-28,10.078048911593825,2010-01-06,9.602138054527865,2010-01-13,0.0025740330038904226,-0.04648792402697951,250,88.19,40.50428571428571,21.292866455805374,1.0,10.93,0.5823211402092254,13.0,12.86405886099653,4.8283137373023015,7.227662498728654,1.3862943611198906,244.0,1.0,0.00043754102645092923,0.0,0.001070822603741163,43.0,0.0,,1.0,1.0,1.0
2010-05-14,exact_day,1.0,Flood,Natural,Hydrological,155025000.0,emdat_cpi_adjusted,1.0,606072.0,28.0,1.0,,0.0,19210.0,,1.0,0.0,2010-0191-LKA,,18.859096958650788,13.314755719842687,0.0,1.0,0.0,0.0,2010-05-13,151.0,3,2010-05-13,4242.67,41296200.0,local_archive,local_archive,0.0031302846119352205,0.003360718789493816,-0.0016166389290720492,-0.00025813571687786154,-3.79175672133927e-05,4221.88,4219.1754524365415,0.0017835656153182278,0.0024257222006607293,4209.777,4194.100473172226,0.004663667457919907,0.008418855736440412,4126.2785,4122.432706002801,0.024993829185305794,0.025950040091964555,0.0018460588605496622,0.0037675247898187195,0.004264116665394098,0.006309734189622534,9.798681751718433e-06,0.005795023650140376,0.6318397628564294,0.28202896428792323,0.5652526272693583,0.6368758864395277,0.49141709998912714,2009-07-01,5.95008814473897,22.5644955300126,40713826215.0093,2010-05-13,-0.01221949988922511,0.0038076745521610903,2010-05-14,4242.67,0.1342591921887688,2010-05-20,-0.501559975328108,2010-05-20,60773378.4,36803460.0,3.0,1,False,recovered,True,2010-05-18,0.23001478044414456,2010-05-14,-0.12995545371687928,2010-05-31,4.350472003411123,2010-06-07,8.36335883052258,2010-06-14,-0.35289437129227824,2010-05-14,-0.6043469733279261,2010-05-31,-0.1430896709846371,2010-06-14,-39.44147755327027,-0.501559975328108,-0.09516376565145793,2010-05-14,-1.5049290977396417,2010-05-20,-3.478106922577903,2010-05-31,-0.6671973953404136,2010-06-07,1.621730355012878,2010-06-14,0.003393326436487788,0.00745777513758619,250,64.64,32.440000000000005,27.771718828093206,2.0,8.85,0.3402559621045096,17.0,13.435101898689071,6.576469569048224,8.352790135124629,3.044522437723423,461.0,1.0,-0.00044004401150133103,-0.00017604084192994666,0.0007190025109142942,-36.0,0.0,18.859096958650788,1.0,1.0,1.0
2010-11-10,exact_day,1.0,Flood,Natural,Hydrological,,missing_median_imputed,0.0,164193.0,7.0,1.0,,0.0,11880.0,,1.0,0.0,2010-0583-LKA,,,12.008803934528936,0.0,1.0,0.0,0.0,2010-11-09,180.0,3,2010-11-09,6592.38,24355300.0,local_archive,local_archive,-0.007226140959994954,-0.0027461471963119237,-0.0024689963162475032,-0.0053386054156635,0.011076411334914764,6687.323999999999,6661.179297372864,-0.00704826026075589,-0.003150988201314875,6642.69,6661.942755062413,-0.00037635355556253636,-0.0032652269558881564,6659.166,6652.185898679221,-0.00284960609181395,-0.0018033017810887841,0.00701606490222209,0.008726701903172769,0.012941734436284854,0.013116541161036289,5.2217113173716795e-05,0.007390758975790147,-0.32346397254959336,-0.33765183648936137,-0.34876724019438876,0.4899527674791991,0.35591154353000776,2010-07-01,3.53891205317842,3.46496322106074,42066224093.0065,2010-11-09,-0.008084894540661062,,2010-11-10,6592.38,-1.8364363994172561,2010-11-16,-0.8996357215756404,2010-11-16,68776534.0,27972640.0,3.0,1,False,recovered,True,2010-11-12,-0.8728317598501272,2010-11-10,-2.7537359011582456,2010-11-25,-0.8154656870190796,2010-12-02,-2.249033486263732,2010-12-09,-0.8347615269409907,2010-11-10,0.08319282278230711,2010-11-25,0.606911088449244,2010-12-09,-59.32822087254353,-0.8996357215756404,-1.1627540110335342,2010-11-10,-3.6396879739483263,2010-11-16,-6.041122628650333,2010-11-25,-5.570950714742344,2010-12-02,-8.54045573511123,2010-12-09,0.0032011013628357814,-0.06913466837937474,250,69.99,49.45142857142857,24.90269291232806,5.0,8.24,2.727464404683749,13.0,12.695523446748467,4.709530201312334,6.673297967767654,0.0,196.0,1.0,0.0008966198036348683,-0.0006271558687846893,0.0006898171253256955,-216.0,0.0,,1.0,1.0,1.0
2011-01-05,exact_day,1.0,Flood,Natural,Hydrological,286249000.0,emdat_cpi_adjusted,1.0,1060324.0,47.0,1.0,1060273.0,1.0,22133.0,,1.0,0.0,2011-0024-LKA,,19.472372622870303,13.874086022868504,0.0,1.0,0.0,0.0,2011-01-04,56.0,2,2011-01-04,6701.9,115145300.0,local_archive,local_archive,0.006571929131838751,0.003329357131050888,0.003281512378657876,-0.00494531983915408,0.002951160249014889,6639.2,6627.171987264714,0.002831666465839211,0.004651759875030859,6572.2,6583.442597068088,0.013054989196920497,0.011324987167825595,6497.378500000001,6539.925233754226,0.02472097015742558,0.018054452004490962,0.003526703773773875,0.004899993275147032,0.005462292034269154,0.009019119812343874,4.3190252513910835e-05,0.006346575748865015,-0.5742024227483533,-0.27990279038003263,-0.38520776668782986,0.8055232251419264,0.1253032356231492,2010-07-01,3.53891205317842,3.46496322106074,42066224093.0065,2011-01-04,-0.001313924652635054,0.006804722937982657,2011-01-05,6701.9,4.247567947392461,2011-01-11,0.8420956996579004,2011-01-11,112689179.9,261577108.0,0.0,0,True,no_drawdown,False,2011-01-05,0.7788270814842474,2011-01-05,5.181316102400803,2011-01-18,7.749253462320402,2011-01-26,8.03055147878261,2011-02-02,1.0791415999938656,2011-01-05,0.772154893451075,2011-01-18,0.5190683443344372,2011-02-02,132.12264765093033,0.7267518181725379,0.4649476027181937,2011-01-05,2.6667480667960235,2011-01-11,2.0263492289080194,2011-01-18,3.012345328638573,2011-01-26,1.7140534812469594,2011-02-02,0.0031651959962468446,-0.005285870033115668,250,70.15,30.511428571428574,18.514319168841027,1.0,10.99,-0.17588000995767972,17.0,13.393496772717201,8.716371865276615,9.385721231090805,3.1780538303479458,97.0,1.0,-0.00090212004313802,-0.0031538660970221806,0.0012517287046528197,-272.0,0.0,19.472372622870303,1.0,1.0,1.0
2011-02-01,exact_day,1.0,Flood,Natural,Hydrological,429373000.0,emdat_cpi_adjusted,1.0,225000.0,18.0,1.0,,0.0,19891.0,,1.0,0.0,2011-0049-LKA,,19.877836565325975,12.323860125621126,0.0,1.0,0.0,0.0,2011-01-31,27.0,3,2011-01-31,7174.9,87570400.0,local_archive,local_archive,-0.0024499921772359995,-0.0025826890970226226,-0.004262097367287315,0.002308687631610579,0.0010196068508046639,7226.42,7203.971023624231,-0.004693887152974807,-0.0015923195119210698,7167.82,7152.7838350089605,0.0034431668205954225,0.005552546519950852,7003.818500000001,7023.536165543147,0.026939804336734152,0.024056804218617778,0.0032281697469282587,0.0074009848157154095,0.005977153538932818,0.0057250739504770614,6.002461668517593e-06,0.006932591523363032,-0.4413237285176893,-0.04388581802890523,0.04727658558448211,0.6515848116585242,-0.52461535195577,2010-07-01,3.53891205317842,3.46496322106074,42066224093.0065,2011-01-31,0.007633349932881147,0.01020707252095353,2011-02-01,7174.9,2.886209171701308,2011-02-08,-0.20735073957015862,2011-02-08,147212396.96666667,119644600.0,0.0,0,True,no_drawdown,False,2011-02-01,0.22136069237940628,2011-02-01,5.858521251344992,2011-02-15,5.5372823632668435,2011-02-24,6.6036548348250514,2011-03-04,-0.42455868493691645,2011-02-01,-0.30805158282127204,2011-02-15,-0.49867043512490034,2011-03-04,-18.726545817271656,-0.20735073957015862,-0.03875362780438421,2011-02-01,1.4938988659875883,2011-02-08,3.02768094049444,2011-02-15,1.234827304177971,2011-02-24,0.8779189793895634,2011-03-04,0.002885985090041938,-0.017204969172969074,250,104.47999999999999,69.11428571428571,28.775761129315562,4.0,9.46,0.9960578728750513,1.0,7.3310603052186325,4.30406509320417,5.111987788356544,2.0794415416798357,1.0,1.0,-0.0018026142781159896,0.00027067262311680854,0.0011851798602692842,249.0,0.0,19.877836565325975,1.0,1.0,1.0
2011-05-29,exact_day,1.0,Flood,Natural,Hydrological,,missing_median_imputed,0.0,8600.0,,0.0,,0.0,,,0.0,0.0,2011-0590-LKA,,,9.059633754551479,0.0,1.0,0.0,0.0,2011-05-28,117.0,3,2011-05-27,7459.58,103643800.0,local_archive,local_archive,0.005395529729609475,-0.0036660557280089774,0.0019786734561554418,-0.0009656301015539339,-0.0010663289632748686,7443.375999999999,7428.32037748573,-0.00321574511350764,-0.001195475832281745,7396.459999999999,7409.665820014558,0.0031068916752068354,0.0013191121196098887,7362.5,7388.576842011729,0.007733786078098381,0.004177145159103057,0.002834779101765124,0.007041962665557989,0.007129147462786167,0.007487103581106549,2.9111741063099692e-05,0.006891044296896434,1.1662349639052532,0.9880125390343473,0.5988027163958549,0.6160813195900102,-0.2746028818563589,2010-07-01,3.53891205317842,3.46496322106074,42066224093.0065,2011-05-27,0.004072615318765918,,2011-05-30,7459.58,-0.720592936178124,2011-06-03,0.5475102634874264,2011-06-03,79370191.3,137226540.0,90.0,0,True,90_day_cap,True,2011-10-06,0.11830127203745797,2011-05-30,-3.0994551280864395,2011-06-10,-5.779435594821283,2011-06-20,-7.880993102496997,2011-06-27,0.5804364796643219,2011-05-30,1.2588301085677398,2011-06-10,1.0115519609150891,2011-06-27,72.89430421216588,0.5475102634874264,-0.10827744266628087,2011-05-30,-1.806833321184909,2011-06-03,-5.273560885320361,2011-06-10,-9.097920049884578,2011-06-20,-12.335069329260696,2011-06-27,0.0022657871470373884,0.019836981880378458,250,43.959999999999994,19.50142857142857,17.495233092256328,0.0,10.53,0.5078442061905624,10.0,10.529613131664696,5.575949103146316,6.021023349349527,2.5649493574615367,38.0,1.0,-0.0002731369798926184,0.0004553941515013585,0.0009421768565958386,132.0,0.0,,1.0,1.0,1.0
2011-11-24,exact_day,1.0,Storm,Natural,Meteorological,,missing_median_imputed,0.0,35041.0,22.0,1.0,,0.0,,,0.0,0.0,2011-0484-LKA,,,10.464302621047032,0.0,0.0,0.0,1.0,2011-11-23,179.0,3,2011-11-23,6035.36,38698300.0,local_archive,local_archive,-0.004231048671126906,-0.009672666974249643,-0.0033702086811688977,0.007841074484038745,-0.011460128494777712,6087.354,6109.583892262284,-0.004337516760155591,-0.007960262616882763,6173.994000000001,6164.841351829533,-0.018309703572760294,-0.016852234453478943,6269.8330000000005,6261.708523860871,-0.03331556039849881,-0.03206130133586704,0.010304452698176756,0.011027535811973905,0.011733867677492266,0.010148083373475291,1.7901772857444756e-05,0.011023551890576784,-0.25748558824496903,0.08628936246408792,-0.17822564754996129,0.448150639185742,0.35534492406615453,2011-07-01,8.01596737040464,6.2176488930462,58636049581.1712,2011-11-23,-0.02234297045859626,,2011-11-24,6035.36,0.8585556368849661,2011-11-30,0.48161518962275557,2011-11-30,55137943.43333333,89251060.0,5.0,1,False,recovered,True,2011-11-30,-2.8334686979641908,2011-11-24,-0.108917754661587,2011-12-07,-1.4077912528756498,2011-12-14,-3.242023629432933,2011-12-21,0.4603081437883205,2011-11-24,0.29569384425858514,2011-12-07,-0.16865552301589884,2011-12-21,61.868677797010065,0.48161518962275557,-2.79413615055314,2011-11-24,1.066614141519223,2011-11-30,0.297608282611413,2011-12-07,-0.8110117460474403,2011-12-14,-2.444395990799972,2011-12-21,-0.0003933254741105058,-0.0016107864924287247,250,122.74000000000001,71.24571428571429,25.530344596932007,6.0,9.6,1.2089705781496467,14.0,11.249233319258543,7.515344571180436,8.86304982791909,3.4339872044851463,75.0,1.0,0.00026353933477070337,0.033856120878135804,0.005704088734939395,-47.0,0.0,0.0,1.0,1.0,1.0
2012-01-01,month_only,0.0,Drought,Natural,Climatological,,missing_median_imputed,0.0,1800000.0,,0.0,,0.0,,,0.0,0.0,2012-9405-LKA,,,14.403297778421795,1.0,0.0,0.0,0.0,2011-12-31,38.0,4,2011-12-30,6074.42,40962200.0,local_archive,local_archive,-0.0024597588817389534,-0.0006583067963718078,0.01293326518761331,0.005419398861257565,0.013011377064572784,6019.9580000000005,6029.596030188022,0.011531974143341062,0.009915087099145792,5948.9529999999995,5993.561383101619,0.023605330215249687,0.015986925097411175,5983.485,6000.801731672399,0.017697880081591233,0.014761072318067558,0.005865460350227093,0.007677961292069862,0.007837011383629027,0.01153049671638532,6.050413756293666e-06,0.009134014097975329,-0.10168190487983475,-0.42690154892021037,-0.5172593977747253,0.7261100761342905,0.3542498264459057,2011-07-01,8.01596737040464,6.2176488930462,58636049581.1712,2011-12-30,-0.004300570740064627,,2012-01-02,6074.42,-2.3974612539284386,2012-01-06,-0.8409121737346312,2012-01-06,43127731.96666667,18601720.0,90.0,0,True,90_day_cap,True,2012-05-18,0.007407840296939542,2012-01-02,-2.417360308451746,2012-01-13,-7.0116831775929285,2012-01-23,-5.392016728803027,2012-01-30,-1.1986939256691238,2012-01-02,-0.2955990199138813,2012-01-13,0.08073459553623151,2012-01-30,-56.86830920212259,-0.8409121737346312,0.02674472311016499,2012-01-02,-2.3220203224508498,2012-01-06,-2.2569460171706837,2012-01-13,-6.782114306405575,2012-01-23,-5.062732524469906,2012-01-30,-0.0001933688281322545,0.013324981921294226,250,19.480000000000004,3.22,7.194134184644231,0.0,10.07,-0.837188440039052,2.0,13.430566936358145,0.0,0.0,0.0,32.0,1.0,0.0,-0.0001756543127651087,0.005672732911481852,-85.0,0.0,0.0,1.0,1.0,1.0
2012-10-29,exact_day,1.0,Storm,Natural,Meteorological,79927000.0,emdat_cpi_adjusted,1.0,69000.0,,0.0,69000.0,1.0,,,0.0,0.0,2012-0425-LKA,Cyclone Nilam,18.196624288568007,11.141876276228,0.0,0.0,0.0,1.0,2012-10-28,302.0,2,2012-10-26,5550.88,8693413.0,local_archive,local_archive,-0.004644316195168654,0.00601981859202183,-0.002436032851459454,0.0005184210595055735,0.0042945204962464775,5576.032,5578.1018430610075,0.0001233852316486761,-0.0002477263950865227,5609.205,5620.060938232002,-0.0057913732873018375,-0.007711827097311885,5738.1230000000005,5669.058915947704,-0.028128187562378892,-0.01628822654990303,0.009183403915393042,0.008467625826023409,0.006712134171506376,0.008368410246101516,2.156967292070584e-05,0.008492651037432089,-0.6058106224762728,-0.4343949255895809,-0.3659418957547709,0.731108282490281,0.8390530136203391,2012-07-01,8.66948301160571,6.7167684358854,67753285882.299,2012-10-26,-0.0007292475686444066,0.001179677102876592,2012-10-30,5550.88,-0.20865294819295818,2012-11-05,-0.49408817273137273,2012-11-05,44854834.666666664,27367145.0,6.0,1,False,recovered,True,2012-11-06,-0.5466300925527189,2012-10-30,0.8788695192257892,2012-11-12,-2.129016411098936,2012-11-20,-3.9727572048910296,2012-11-28,-0.9585118208671733,2012-10-30,-0.47670967201105424,2012-11-12,0.14997440250757024,2012-11-28,-38.98730158437621,-0.49408817273137273,-0.4853534828038361,2012-10-30,0.06417148496872907,2012-11-05,1.6956138048661322,2012-11-12,-1.0560529814736175,2012-11-20,-2.734513860704002,2012-11-28,-0.0006127660974888277,0.08923186249532014,250,136.5,98.11285714285715,20.60529035165946,7.0,13.54,2.5705344609858076,9.0,11.205367162513655,5.7745515455444085,8.53660358493606,2.302585092994046,66.0,1.0,-0.0015408323541557826,0.0057993589950444575,0.002585023996721273,-51.0,0.0,0.0,1.0,1.0,1.0
2012-12-17,exact_day,1.0,Flood,Natural,Hydrological,1683000.0,emdat_cpi_adjusted,1.0,447021.0,53.0,1.0,,0.0,49084.0,,1.0,0.0,2012-0537-LKA,,14.336089067349832,13.010363089386827,0.0,1.0,0.0,0.0,2012-12-16,49.0,2,2012-12-14,5522.72,15411709.0,local_archive,local_archive,-0.004451646364111459,0.00555315960668244,0.018082841857381574,0.0023875886359748856,1.299336503114245e-05,5454.808,5471.6047990859515,0.016967049985993965,0.013845152143792117,5400.499,5436.717788556612,0.0271939685573499,0.020350920490350255,5415.7485,5441.484828742419,0.0243016270050207,0.019457036928291815,0.007117305910505441,0.006826267332566646,0.007900931233405082,0.006679735400395099,1.9817155351106772e-05,0.010792082391342616,-0.39975291888938025,-0.4667664777544407,-0.34838159833703386,1.9468570501929408,-0.3764258925070306,2012-07-01,8.66948301160571,6.7167684358854,67753285882.299,2012-12-14,-0.004143975679491531,2.4840123664610263e-05,2012-12-17,5522.72,-0.11287040759990787,2012-12-21,-0.539155394635634,2012-12-21,44673158.3,26055202.0,4.0,1,False,recovered,True,2012-12-20,-0.3484422043804455,2012-12-17,2.8747771190540687,2013-01-02,3.947682504061939,2013-01-09,6.18832259200169,2013-01-17,-0.5042344358858626,2012-12-17,-0.6272739803356995,2013-01-02,-0.530877668718062,2013-01-17,-41.67593474133212,-0.539155394635634,-0.2956663331871961,2012-12-17,0.06589139561420652,2012-12-21,3.251462492122544,2013-01-02,4.480458390451991,2013-01-09,6.903254693973458,2013-01-17,-0.00031562456318056634,-0.017976422058800345,250,224.8,115.40285714285714,71.15585703563825,6.0,11.36,4.69626207552277,9.0,12.52692350124843,7.752335163302292,8.316544717929398,2.995732273553991,57.0,1.0,0.000389332300031548,0.000389332300031548,0.0025272041751714823,-100.0,0.0,14.336089067349832,1.0,1.0,1.0
2013-01-08,exact_day,1.0,Flood,Natural,Hydrological,,missing_median_imputed,0.0,56747.0,52.0,1.0,,0.0,26063.0,,1.0,0.0,2013-0039-LKA,,,10.946375692431877,0.0,1.0,0.0,0.0,2013-01-07,22.0,2,2013-01-07,5746.09,20953736.0,local_archive,local_archive,-0.0002818911083762809,0.003007452938344936,0.008175797934893246,0.007202424752529989,0.006480586357514197,5682.416,5686.785920346199,0.011490535011868142,0.010713271170596839,5606.439,5628.829365000713,0.025197991095595507,0.02111995715103232,5529.1494999999995,5567.639910275623,0.039528773819554,0.032342265776211576,0.0019493056559757587,0.003519728364953906,0.005443598177538621,0.0068271009143881945,7.946259698160816e-08,0.007476985856190938,0.6711439660193039,0.16191848285316834,-0.1443094107227022,0.9990934942239635,0.4800195688990348,2012-07-01,8.66948301160571,6.7167684358854,67753285882.299,2013-01-07,-0.003128003259122683,,2013-01-08,5746.09,0.0721969564245607,2013-01-15,-0.3895023666788819,2013-01-15,30072820.066666666,20371144.4,4.0,1,False,recovered,True,2013-01-11,0.10158271601882315,2013-01-08,2.149343049516234,2013-01-22,1.3793870450247083,2013-01-30,1.1133233903316344,2013-02-07,-0.535763783880955,2013-01-08,0.4157866711719432,2013-01-22,0.1684856087615158,2013-02-07,-32.26061155940679,-0.3895023666788819,0.10831204770792796,2013-01-08,0.1632721587241558,2013-01-15,2.347514331893561,2013-01-22,1.66655692545176,2013-01-30,1.4861894273486393,2013-02-07,-0.00014713025265376126,-0.024583068290453123,250,89.41,64.90714285714287,18.72579834905641,5.0,7.57,0.634595298443027,5.0,10.962058791667054,3.5553480614894135,7.183111701743281,0.0,11.0,1.0,0.0,0.0035412195180700586,0.00287309516505573,-122.0,0.0,,1.0,1.0,1.0
2013-05-13,exact_day,1.0,Storm,Natural,Meteorological,,missing_median_imputed,0.0,7339.0,7.0,1.0,3861.0,1.0,,,0.0,0.0,2013-0138-LKA,Tropical cyclone Mahasen,,8.901094121608562,0.0,0.0,0.0,1.0,2013-05-12,125.0,3,2013-05-10,6250.0,58001651.0,local_archive,local_archive,0.0018080335079556807,0.0045964313650385495,0.0013567757874627126,0.01306696836492297,0.006809893198446156,6156.968,6162.477344459283,0.013276339912762225,0.012370456113604655,6057.392,6082.741540573857,0.029933344251123373,0.025641145260863585,5952.0154999999995,5986.803130505621,0.04816763330001428,0.042077025751990016,0.006637077370166868,0.006013132902263301,0.004954781299726377,0.004719309336357045,3.2689851658905245e-06,0.009112648583559639,0.6188807116575203,0.2163985427372661,0.4517333819765743,0.7949298834633377,0.37492265175267414,2012-07-01,8.66948301160571,6.7167684358854,67753285882.299,2013-05-10,0.004312343771584845,,2013-05-13,6250.0,2.0696345458161893,2013-05-17,-0.07889250640993738,2013-05-17,46489808.13333333,42963056.8,4.0,1,False,recovered,True,2013-05-16,-0.17567421683268244,2013-05-13,3.096208901859181,2013-05-27,3.1759098260500664,2013-06-03,1.4499177067706328,2013-06-10,-0.6348777980235861,2013-05-13,-0.22455775322443494,2013-05-27,-0.29159215216166623,2013-06-10,-7.586074184730062,-0.07889250640993738,-0.23113520831604495,2013-05-13,1.8031890486761415,2013-05-17,2.5465640670649985,2013-05-27,2.3458517291456964,2013-06-03,0.3432205460541744,2013-06-10,0.000554839961452685,-0.005363836303800468,250,40.849999999999994,34.50857142857142,3.2202196020945957,0.0,11.24,0.7281123219008319,12.0,7.162397497355718,2.8903717578961645,5.978885764901122,0.6931471805599453,35.0,1.0,0.002381898704533674,-0.0007927071362389971,0.002085119350152106,131.0,0.0,0.0,1.0,1.0,1.0
2013-06-08,exact_day,1.0,Flood,Natural,Hydrological,2764000.0,emdat_cpi_adjusted,1.0,17214.0,58.0,1.0,,0.0,,,0.0,0.0,2013-0220-LKA,,14.832189825664132,9.753536375772624,0.0,1.0,0.0,0.0,2013-06-07,26.0,4,2013-06-07,6307.43,18888919.0,local_archive,local_archive,-0.01024472260457817,-0.00788736131066892,-0.004167028752583571,-0.00031314576881278695,0.001229275486153224,6431.924000000001,6418.683751420862,-0.009257572073302023,-0.007213901356428742,6444.064,6417.528183654623,-0.011124036012057026,-0.007035136015392185,6381.686,6351.912308144914,-0.0014582353315408803,0.0032222881649106583,0.0035708731378006654,0.003937656994185833,0.006152930627544459,0.006382965532861642,0.00010495434124475492,0.007964817730259845,-0.19000162098489504,-0.3852900781377532,-0.29270714684460053,0.5507898224454559,0.32845117542030833,2012-07-01,8.66948301160571,6.7167684358854,67753285882.299,2013-06-07,0.01274991452694569,4.079506940521852e-05,2013-06-10,6307.43,-1.4056472369878548,2013-06-14,-0.5554536569316777,2013-06-14,46319770.53333333,26578835.0,90.0,0,True,90_day_cap,True,2013-10-21,0.5352337243849047,2013-06-10,-2.441967812288966,2013-06-21,-3.0001187984588817,2013-06-28,-4.197090323305036,2013-07-05,-0.5530268511617334,2013-06-10,-0.7477246712527175,2013-06-21,-0.5824900995915061,2013-07-05,-42.618811159971216,-0.5554536569316777,0.440084229079275,2013-06-10,-1.9020446226438155,2013-06-14,-3.4619591196699635,2013-06-21,-4.470453240260655,2013-06-28,-6.1002727418387375,2013-07-05,0.0009430170133245924,-0.024441005723154156,250,35.45,18.934285714285718,14.090344042573811,0.0,11.64,0.22132353596875332,12.0,9.82086652384779,5.493061443340548,8.577347114235984,4.23410650459726,146.0,1.0,-0.0003958044777577395,-0.0011869437595287257,0.0018650184514461775,105.0,0.0,14.832189825664132,1.0,1.0,1.0
2014-01-01,month_only,0.0,Drought,Natural,Climatological,33998000.0,emdat_cpi_adjusted,1.0,1800000.0,,0.0,,0.0,,,0.0,0.0,2014-9393-LKA,,17.341812286734346,14.403297778421795,1.0,0.0,0.0,0.0,2013-12-31,207.0,3,2013-12-31,5912.78,20439809.0,local_archive,local_archive,0.002299361492856001,0.0038281751866662507,0.004805065044043849,0.00043781564898327926,-0.0018694820282405687,5863.34,5869.556721423392,0.006115968031872532,0.005050343660265133,5846.036,5850.655445084245,0.00909402542167026,0.008297284871995325,5816.8615,5833.424720414274,0.014155141909429902,0.011275585567350088,0.0027975323563966376,0.0034759868476229943,0.0033741746572909055,0.0032745116989848,5.287063274828978e-06,0.00611627723284448,-0.7453304307591376,-0.6869905170476687,-0.6233703432663519,0.9383395520552672,-0.16334001758621475,2013-07-01,8.6321813769906,7.54291373239437,70447216891.3366,2013-12-31,0.003951856349111548,0.00048260245755969646,2014-01-02,5912.78,2.368073221725428,2014-01-08,-0.3237097674038978,2014-01-08,48201286.8,34871711.8,0.0,0,True,no_drawdown,False,2014-01-02,0.9302455301268377,2014-01-02,3.624991403316164,2014-01-17,5.636574828087528,2014-01-24,5.515810656212523,2014-01-31,-0.5343714845802854,2014-01-02,0.16165545007735685,2014-01-17,0.37143653272635824,2014-01-31,-27.65398163602554,-0.3237097674038978,0.8751131426411054,2014-01-02,2.19524612207255,2014-01-08,3.2968005267775657,2014-01-17,5.080201497529428,2014-01-24,4.790839743629467,2014-01-31,0.0003142341614039576,-0.02663506490603754,250,2.42,1.1042857142857143,0.8364380260536768,0.0,8.45,-0.9207242435670947,4.0,8.81358720447004,3.6109179126442243,5.7745515455444085,0.0,10.0,1.0,0.0,0.0003824823148560118,0.0005226522322897499,87.0,0.0,0.0,1.0,1.0,1.0
2014-06-04,exact_day,1.0,Flood,Natural,Hydrological,2720000.0,emdat_cpi_adjusted,1.0,104009.0,27.0,1.0,,0.0,,,0.0,0.0,2014-0181-LKA,,14.81614280591917,11.552242327347178,0.0,1.0,0.0,0.0,2014-06-03,154.0,2,2014-06-03,6286.02,26066605.0,local_archive,local_archive,-0.0010160251398152016,0.004611397107767829,-0.006415119042496777,0.004931417941836248,-0.0040731048647472705,6279.968,6284.0482293668065,0.001981220286472851,0.001330634382167295,6287.427000000001,6283.0971738271455,0.0007925340524828073,0.0014822031102188493,6281.701,6262.898484886338,0.001704793017050621,0.0047121177494540145,0.005100142793508082,0.003875406174202623,0.0035145781294822535,0.003634058548812512,1.0323070847365e-06,0.006815534884819527,-0.23602827012205585,-0.16928177088401286,-0.380605507850715,1.9617876196396018,0.6255210380134305,2013-07-01,8.6321813769906,7.54291373239437,70447216891.3366,2014-06-03,-0.0003792884695348666,3.861046780876447e-05,2014-06-04,6286.02,0.12114796317194317,2014-06-10,-0.34362320920828027,2014-06-10,56556753.5,40109828.8,4.0,1,False,recovered,True,2014-06-09,0.0006363306628658099,2014-06-04,0.5012852035681195,2014-06-18,0.563631120980741,2014-06-25,2.303825433609176,2014-07-02,-0.5212049220075634,2014-06-04,-0.22947296540152393,2014-06-18,0.19151281579847093,2014-07-02,-29.08039037283143,-0.34362320920828027,0.017302010119212556,2014-06-04,0.22173765736520223,2014-06-10,0.6597154999571304,2014-06-18,0.772331129268404,2014-06-25,2.5886389733838815,2014-07-02,-8.997154865293076e-05,-0.04057685335240914,250,61.43,31.185714285714283,26.747706354715636,3.0,9.22,0.9447437920104373,11.0,11.862927192445872,5.736572297479192,7.550661243105336,3.332204510175204,100.0,1.0,0.0003836562487110934,0.0,0.0003171288713453691,-67.0,0.0,14.81614280591917,1.0,1.0,1.0
2014-10-29,exact_day,1.0,Other,Natural,Hydrological,,missing_median_imputed,0.0,1067.0,196.0,1.0,,0.0,,,0.0,0.0,2014-0548-LKA,,,6.97354301952014,0.0,0.0,1.0,0.0,2014-10-28,147.0,2,2014-10-28,7227.12,57968761.0,local_archive,local_archive,0.0008360903575330314,0.001053028384970958,0.0033284786186531558,0.003951040178655428,-0.002909763458113789,7199.736,7212.949556532225,0.002964553144726434,0.001127200932718564,7216.873999999999,7227.106789483528,0.0005828008082171543,-0.0008339145468692077,7263.977499999999,7231.319121159401,-0.005905511133535213,-0.001415940990550535,0.004703975304521434,0.008136611088549793,0.006726891497893308,0.005777264685723829,6.990470859597124e-07,0.0061721682399113464,-0.6548041560498361,-0.4965915532473161,-0.33885879883606984,0.5162649144743049,-0.2625751922404042,2014-07-01,4.0517463303875,6.90845034828452,76976204074.978,2014-10-28,0.011868364566910393,,2014-10-29,7227.12,1.2891288718694878,2014-11-04,0.1728655415706976,2014-11-04,96203761.16666667,114358013.4,0.0,0,True,no_drawdown,False,2014-10-29,0.535155441061862,2014-10-29,3.297539686522296,2014-11-12,4.040348302002743,2014-11-19,-0.6580231477921468,2014-11-26,-0.1669128903935504,2014-10-29,0.006290596746493361,2014-11-12,0.10779619797347628,2014-11-26,18.870626276120635,0.1728655415706976,0.4621569009088175,2014-10-29,0.8734047489192188,2014-11-04,2.4676336239580565,2014-11-12,2.8155675626463808,2014-11-19,-2.293979110859987,2014-11-26,0.0007643489461275773,0.024787670941605156,250,45.1,34.39857142857143,10.53299803565194,0.0,7.37,-0.05892905996159814,3.0,8.531490496117062,4.23410650459726,1.791759469228055,2.6390573296152584,9.0,1.0,0.0,0.0007648183929222717,0.0005792360466007487,-39.0,0.0,0.0,1.0,1.0,1.0
2014-12-01,exact_day,1.0,Flood,Natural,Hydrological,,missing_median_imputed,0.0,1100020.0,41.0,1.0,,0.0,,,0.0,0.0,2014-0495-LKA,,,13.91083982849546,0.0,1.0,0.0,0.0,2014-11-30,33.0,3,2014-11-28,7153.9,58521701.0,local_archive,local_archive,0.005327350983542647,-0.008930073523667075,-0.008272419615017769,0.000567890963619084,-0.017239970382930115,7234.3679999999995,7231.760120434243,-0.016377104399444287,-0.016022395447940374,7380.058999999999,7308.174649822815,-0.03579497128681475,-0.02631089964817368,7381.783,7337.758765340262,-0.036020159357163406,-0.030236584825908075,0.008967252271253272,0.009138690754442003,0.007938457354640173,0.00717646696063557,2.838066850185281e-05,0.011986252620957503,-0.19464723573400555,-0.04622067461142643,0.161005024755287,0.49387526449133384,-0.23593151055896322,2014-07-01,4.0517463303875,6.90845034828452,76976204074.978,2014-11-28,-0.0025456646370122207,,2014-12-01,7153.9,1.1814361454653504,2014-12-05,-0.2291483657553838,2014-12-05,89883450.93333334,71476267.8,0.0,0,True,no_drawdown,False,2014-12-01,1.6879616934699346,2014-12-01,1.146203690345231,2014-12-12,1.370236272209615,2014-12-19,1.8515238969475247,2014-12-29,-0.23049260702998514,2014-12-01,-0.6203931477247868,2014-12-12,-0.7660019442557806,2014-12-29,-20.478945726044685,-0.2291483657553838,1.6208510467192205,2014-12-01,0.7700460076902923,2014-12-05,0.4023789547747608,2014-12-12,0.15564129252461556,2014-12-19,0.213966208669357,2014-12-29,0.000807744950113744,0.01993910446256446,250,59.28,29.595714285714287,13.953600320518069,1.0,11.38,-0.17704669314050736,2.0,6.914730892718563,2.6390573296152584,4.31748811353631,0.0,3.0,1.0,-0.0007630675685026116,0.0,0.0004251908960216026,38.0,0.0,,1.0,1.0,1.0
2015-09-15,exact_day,1.0,Flood,Natural,Hydrological,,missing_median_imputed,0.0,7309.0,8.0,1.0,,0.0,,,0.0,0.0,2015-0547-LKA,,,8.896998552743824,0.0,1.0,0.0,0.0,2015-09-14,288.0,2,2015-09-14,7162.44,17543631.0,local_archive,local_archive,0.0012503555362490303,-0.0009012515430035665,-0.003250325837106993,0.008217993077418892,-0.009107040341165874,7154.168,7169.410798844627,-9.476992992052402e-05,-0.002220656521340958,7207.753,7203.942981229989,-0.007528421132078189,-0.007003523120802768,7295.7235,7249.487024557281,-0.019495461964807226,-0.013241905838591861,0.0063175104669081815,0.004941480403350593,0.007075019887450195,0.006541080317898533,1.5633889670286e-06,0.0066198241406297,-0.6215009307638841,-0.6295617021784576,-0.5980357683266446,1.3002863465409276,-0.05969812327512169,2015-07-01,6.37797889684965,3.1790022823606,82531125461.843,2015-09-14,-0.00409804122304381,,2015-09-15,7162.44,-0.8140617375507659,2015-09-21,-1.115255575716264,2015-09-21,50811906.4,16657742.6,42.0,0,True,next_disaster,True,2015-11-16,-0.13985459360191463,2015-09-15,-1.0817198899095897,2015-09-29,-1.0739577281859911,2015-10-06,-1.1795747858380277,2015-10-13,-1.1734837276476813,2015-09-15,-0.6587568685727323,2015-09-29,-0.479462211349919,2015-10-13,-67.21685175740622,-1.0839371904799626,-0.19895643833521548,2015-09-15,-0.8914010518816229,2015-09-21,-1.0431696138200732,2015-09-29,-1.276459502314227,2015-10-06,-1.4779898545081378,2015-10-13,9.988406157368884e-05,0.03852128773323864,250,25.949999999999996,11.828571428571426,9.07178671958916,0.0,11.62,-0.21972039068698546,14.0,10.014939477830271,4.6443908991413725,6.0063531596017325,2.1972245773362196,55.0,1.0,0.004235621393975036,0.015085637418040953,0.0040172280371947,-29.0,0.0,,1.0,1.0,1.0
2015-11-15,exact_day,1.0,Flood,Natural,Hydrological,,missing_median_imputed,0.0,20000.0,2.0,1.0,,0.0,,,0.0,0.0,2015-0530-LKA,,,9.90353755128617,0.0,1.0,0.0,0.0,2015-11-14,61.0,2,2015-11-13,7001.81,37382576.0,local_archive,local_archive,-0.0006481936469826712,-0.0018366447049798665,-0.00440387820257198,-0.0013139907870089805,0.0019713349835621796,7030.531999999999,7024.082218939035,-0.0034395690112780652,-0.0025244890914322138,7029.789999999999,7032.077429156356,-0.003334381254631924,-0.003658581609139344,7041.58,7046.803105635716,-0.005003138500166093,-0.005740632316427741,0.004003421142451103,0.003269890460611543,0.002942487225953406,0.0028571311786200326,4.201550039886958e-07,0.005753933584080869,-0.27316255381388754,0.026726472524951195,-0.14075988397089712,0.4039238729202409,-0.2029926443206492,2015-07-01,6.37797889684965,3.1790022823606,82531125461.843,2015-11-13,-0.011270640432155438,,2015-11-16,7001.81,0.22297921038561974,2015-11-20,-0.008437946818971991,2015-11-20,29490063.1,29242274.4,4.0,1,False,recovered,True,2015-11-19,-0.5130386208509099,2015-11-16,-1.332206697708858,2015-11-30,-2.066097372145991,2015-12-07,-2.8793236248413585,2015-12-14,0.03447748945329539,2015-11-16,-0.13114758090034231,2015-11-30,0.24828724488699452,2015-12-14,-0.8402447263668344,-0.008437946818971991,-0.5415405483320691,2015-11-16,0.2077659555306321,2015-11-20,-1.2518840269527984,2015-11-30,-1.8981419338700438,2015-12-07,-2.5467072115265763,2015-12-14,-0.00016547999028057624,0.030452919902900156,250,203.85000000000002,123.48857142857143,53.43815597759447,7.0,8.99,1.5835873822071305,19.0,12.090914287392236,5.655991810819852,8.233768709217097,1.6094379124341003,113.0,1.0,0.0003522987529830382,0.006998720731110628,0.002227369841879994,-90.0,0.0,,1.0,1.0,1.0
2016-05-14,exact_day,1.0,Flood,Natural,Hydrological,1609667000.0,emdat_cpi_adjusted,1.0,301602.0,203.0,1.0,,0.0,,,0.0,0.0,2016-0153-LKA,,21.199293162873143,12.616866862016069,0.0,1.0,0.0,0.0,2016-05-13,181.0,2,2016-05-13,6679.84,27094282.0,local_archive,local_archive,0.003557302963346402,-0.0008004463704089946,0.003565634466496748,0.006490084401569389,0.002142620966250996,6628.512,6628.950624684243,0.0041650373417141395,0.004098593707213105,6583.164,6579.9217357044345,0.011082209101884732,0.011580421068246638,6484.839,6487.060749614069,0.026412529285615216,0.02606099386320504,0.002853103672922257,0.004562202722118713,0.004913980040519654,0.005211024146909456,1.2654404373033091e-05,0.005454853986887954,-0.2937500286775169,0.03194346732922426,-0.0033633828316442793,0.46857903843076515,-0.24369424039097834,2015-07-01,6.37797889684965,3.1790022823606,82531125461.843,2016-05-13,-0.008514434161752484,0.01950375680680866,2016-05-16,6679.84,-0.6996139887826283,2016-05-20,-0.06016782260099065,2016-05-20,31809019.033333335,29951579.0,3.0,1,False,recovered,True,2016-05-18,0.42664373094456365,2016-05-16,-1.9193965649777909,2016-05-30,-2.4376113183401817,2016-06-06,-2.1424489601654444,2016-06-13,-0.5074215119900907,2016-05-16,-0.3086184989017814,2016-05-30,-0.2090124273547584,2016-06-13,-5.839350252791153,-0.06016782260099065,0.4091875575864178,2016-05-16,-0.5727372493888354,2016-05-20,-1.7575927558703273,2016-05-30,-2.1588675495477263,2016-06-06,-1.6563145318713757,2016-06-13,-0.0002797190280070161,0.046597790725239396,250,90.77,58.12285714285714,31.39170575926371,4.0,7.44,2.9394495928636353,24.0,13.042521149633354,6.4457198193855785,8.36287583103188,4.543294782270004,223.0,1.0,0.0010303967938964016,0.0017179183060245676,0.003712781032566411,-271.0,0.0,21.199293162873143,1.0,1.0,1.0
2016-10-01,month_only,0.0,Drought,Natural,Climatological,26828000.0,emdat_cpi_adjusted,1.0,900000.0,,0.0,,0.0,,,0.0,0.0,2016-9529-LKA,,17.104956713476252,13.710151153416941,1.0,0.0,0.0,0.0,2016-09-30,140.0,2,2016-09-30,6534.77,70083378.0,local_archive,local_archive,0.0009905788653134739,0.0024508049461732357,0.00446766997266484,0.0006711808328198005,0.002204857913576907,6496.411999999999,6501.10406296904,0.004908555676579773,0.004183279757952407,6475.146,6492.451349312108,0.008208926872073752,0.005521589421180861,6495.627,6496.47325663309,0.0050299994134515025,0.0048990801792978544,0.0017504682870661164,0.002894645253660922,0.002404594589270952,0.0023632958939660783,9.812464884057293e-07,0.00489459584311681,-0.24252116253505895,0.27080509838957445,0.174226196119885,0.49360174930652956,0.04049441612729401,2016-07-01,4.20595547501601,3.76836783062096,85090300895.6546,2016-09-30,0.0079363925880277,0.0003152885783410134,2016-10-03,6534.77,0.725315386508949,2016-10-07,-0.13466749039534087,2016-10-07,35355448.666666664,30900891.2,0.0,0,True,no_drawdown,False,2016-10-03,0.6044646740967599,2016-10-03,-0.8024742482960066,2016-10-14,-1.344003962472947,2016-10-21,-1.6963867148280805,2016-10-28,0.06979865729953443,2016-10-03,-0.4184170220953981,2016-10-14,-0.42781716498217964,2016-10-28,-12.599352107406425,-0.13466749039534087,0.6494921561543041,2016-10-03,0.9269169590802881,2016-10-07,-0.3920140089581601,2016-10-14,-0.7577933926814131,2016-10-21,-0.9081118492055081,2016-10-28,-0.0003702563297685589,0.024500282563661612,250,11.420000000000002,7.394285714285713,4.19693879370372,0.0,8.86,2.233305122314915,22.0,13.531439292030646,0.0,0.0,0.0,148.0,1.0,0.0006842285590243227,0.0027397277411202693,0.00237402767664435,-411.0,0.0,0.0,1.0,1.0,1.0
2017-05-25,exact_day,1.0,Flood,Natural,Hydrological,510917000.0,emdat_cpi_adjusted,1.0,879932.0,293.0,1.0,,0.0,,,0.0,0.0,2017-0153-LKA,,20.05171771031813,13.687601047192233,0.0,1.0,0.0,0.0,2017-05-24,236.0,1,2017-05-24,6711.67,48758231.0,local_archive,local_archive,0.0032399072337943586,-0.005506518416438885,-0.0004102088555622604,0.004730577890257941,0.003879005689302994,6712.551999999999,6703.510656613349,-0.0033656350073710817,-0.0020214268772706934,6692.123,6681.1770367400495,-0.00032321581656513665,0.001314583225628052,6628.444,6607.616467726661,0.009280609446198795,0.012461911594828123,0.004392451654788296,0.003583692579752952,0.004355299299854995,0.00560489603312178,1.0496998883593013e-05,0.0058569749606461686,-0.6731316595179201,-0.3751979047409313,-0.30590959412096086,1.4181907878734128,0.023087034538837113,2016-07-01,4.20595547501601,3.76836783062096,85090300895.6546,2017-05-24,0.0024860338045762944,0.006004409370070656,2017-05-25,6711.67,-0.5580475845047662,2017-05-31,-0.72397771975701,2017-05-31,53706161.36666667,26037817.8,16.0,1,False,recovered,True,2017-06-16,0.04885816482848212,2017-05-25,-0.7127897418271433,2017-06-07,-0.2540596056661742,2017-06-15,0.04558183955463162,2017-06-22,-1.3372827949742199,2017-05-25,-0.3278441180321948,2017-06-07,-0.48427986773092563,2017-06-22,-51.51800624469753,-0.72397771975701,0.04995718956922866,2017-05-25,-0.5746405007252331,2017-05-31,-0.7393410795947303,2017-06-07,-0.3010890401083316,2017-06-15,-0.02063188638948782,2017-06-22,4.0309213246592805e-05,-0.01157449544780966,250,78.72,50.39142857142857,21.069855582934455,4.0,9.28,3.4697356158336197,20.0,13.965230579763528,7.388946097618437,9.35755275165657,5.365976015021851,179.0,1.0,-0.0003276003305303337,0.00032770768767782587,0.0010638844157919757,261.0,0.0,20.05171771031813,1.0,1.0,1.0
2017-11-03,exact_day,1.0,Flood,Natural,Hydrological,,missing_median_imputed,0.0,13197.0,9.0,1.0,,0.0,22923.3,,1.0,0.0,2017-0493-LKA,,,9.487820581943367,0.0,1.0,0.0,0.0,2017-11-02,162.0,1,2017-11-02,6621.47,17882182.0,local_archive,local_archive,-0.00041221018471024996,0.0010331109942290735,0.0015456163990428774,-0.0008729165723861505,0.0028155743157275504,6618.9619999999995,6615.176193872557,0.0007913627544622326,0.0013641066939080737,6599.858,6602.623568344146,0.003688261171679752,0.003267857304375177,6577.496000000001,6572.03249795827,0.0071005744435266305,0.007937803420469569,0.0022970593992898618,0.002383425039172629,0.0034657280950472318,0.003188649054382009,1.699172363788584e-07,0.004437410234480159,-0.510359913394901,-0.340079580968876,-0.29172991210179133,0.5659290619585154,-0.3621746599305936,2017-07-01,5.05362488993089,3.9588884659307,88000210878.1236,2017-11-02,0.00018994776966671517,,2017-11-06,6621.47,-1.0457008342492853,2017-11-10,0.21281485632453878,2017-11-10,34327216.833333336,42468107.8,18.0,0,True,next_disaster,True,2017-11-29,-0.2835714333277357,2017-11-06,-2.104919981807782,2017-11-17,-3.18841905165195,2017-11-24,-3.3096397919637264,2017-12-04,-1.108891337045983,2017-11-06,-0.02245329938185373,2017-11-17,-0.20126464766302268,2017-12-04,23.71555785076487,0.21281485632453878,-0.25944520986566927,2017-11-06,-1.127484569196353,2017-11-10,-2.290665764241609,2017-11-17,-3.376892205004129,2017-11-24,-3.452072765117889,2017-12-04,0.00018198459677364425,-0.09701414478390094,250,87.43,44.02285714285714,26.479203609805257,2.0,9.48,1.299463464301962,8.0,9.73145290361031,3.871201010907891,5.634789603169249,0.6931471805599453,29.0,1.0,-0.0006510416896622072,0.0,0.0007135001483298556,99.0,0.0,,1.0,1.0,1.0
2017-11-29,exact_day,1.0,Storm,Natural,Meteorological,454440000.0,emdat_cpi_adjusted,1.0,160077.0,27.0,1.0,,0.0,,130.0,0.0,1.0,2017-0508-LKA,Cyclone 'Ockhi',19.934576451866487,11.983416475426443,0.0,0.0,0.0,1.0,2017-11-28,26.0,2,2017-11-28,6405.22,8647242.0,local_archive,local_archive,-0.0018608109799386698,0.000540884741610047,-0.0065937600737369225,-0.0012894189727407294,-0.002341370941106805,6442.021999999999,6437.531250258631,-0.0038608995746987063,-0.0031660040885723717,6450.324,6461.0717806192315,-0.0051429974680341495,-0.006797909404285041,6520.074500000001,6493.097719397014,-0.01578578588327495,-0.011696685107654203,0.0030086463611029455,0.004213474597539685,0.0033747069831507074,0.003362710934512758,3.4626175030603123e-06,0.005517691311680844,-0.4579747318839089,-0.12014022287338277,-0.18499357498443103,0.7240315099857673,0.1607823878619535,2017-07-01,5.05362488993089,3.9588884659307,88000210878.1236,2017-11-28,0.009800332196793644,0.005164078534191007,2017-11-29,6405.22,-0.3802562509921836,2017-12-06,-0.46146191620026045,2017-12-06,29897543.733333334,18846258.6,22.0,1,False,recovered,True,2018-01-02,0.004839685421385444,2017-11-29,-0.8222344663757375,2017-12-13,-1.317890804214465,2017-12-20,-0.6402748357318524,2017-12-28,-0.5683063931668815,2017-11-29,-0.4893726486518932,2017-12-13,-0.5013385138481853,2017-12-28,-36.963856402063044,-0.46146191620026045,-0.004839258887501188,2017-11-29,-0.40510887330976914,2017-12-06,-0.7684905846993603,2017-12-13,-1.242776137478943,2017-12-20,-0.570437307372198,2017-12-28,6.452946952134534e-05,-0.08735582978988284,250,267.35,105.24714285714286,75.80655418328192,6.0,14.53,3.277305510451373,17.0,11.75589517271557,6.739336627357174,10.39616957206583,2.70805020110221,152.0,1.0,0.001301659799795695,0.0009760859730554589,0.0007524867899672295,73.0,0.0,0.0,1.0,1.0,1.0
2018-05-19,exact_day,1.0,Flood,Natural,Hydrological,,missing_median_imputed,0.0,153712.0,20.0,1.0,,0.0,,,0.0,0.0,2018-0278-LKA,,,11.942842506301306,0.0,1.0,0.0,0.0,2018-05-18,171.0,3,2018-05-18,6492.06,16024082.0,local_archive,local_archive,0.0029124047599845895,-0.001588373871859397,0.004196364831489853,0.0017610660238281638,-0.00012964383461413123,6467.360000000001,6473.17871569785,0.0008999035154992896,1.9840362930345634e-07,6481.635,6481.075909810811,-0.0013044548173416493,-0.001218302319042186,6505.9305,6489.560932668277,-0.005033945567048392,-0.0025241973745582236,0.003556171393886775,0.0026777858319136376,0.0023660258680473444,0.0029444406419322725,8.482101485980895e-06,0.004605296715989734,-0.05647461321459368,0.021834408729989985,-0.010313453532145966,0.7484984769082711,0.4128584831613879,2017-07-01,5.05362488993089,3.9588884659307,88000210878.1236,2018-05-18,-0.0026356652545503154,,2018-05-21,6492.06,-0.37438719765245193,2018-05-25,0.5342795502567292,2018-05-25,22886373.433333334,39049155.0,90.0,0,True,90_day_cap,True,2018-10-01,-0.4011386650835943,2018-05-21,-1.5074402834519107,2018-06-04,-2.171413967423634,2018-06-11,-3.5484789842594004,2018-06-19,-0.3286614918077049,2018-05-21,0.2902314074558834,2018-06-04,0.08156872008070136,2018-06-19,70.62185546236893,0.5342795502567292,-0.41138602905556143,2018-05-21,-0.3535173661462527,2018-05-25,-1.4790962507009584,2018-06-04,-2.142794599840442,2018-06-11,-3.4774393813653783,2018-06-19,-5.489798559241933e-05,0.02138316322393726,250,82.72999999999999,39.699999999999996,25.853463984541797,2.0,7.06,0.869516437395971,23.0,12.723398099557736,5.1298987149230735,8.741456115998364,3.2188758248682006,290.0,1.0,-0.0003171079779227337,-0.0003171079779227337,0.001452287129256059,-98.0,0.0,,1.0,1.0,1.0
2018-10-06,exact_day,1.0,Flood,Natural,Hydrological,,missing_median_imputed,0.0,75000.0,12.0,1.0,,0.0,29246.23,,1.0,0.0,2018-0384-LKA,,,11.225256725762893,0.0,1.0,0.0,0.0,2018-10-05,140.0,3,2018-10-05,5883.77,10829338.0,local_archive,local_archive,0.008220624704526225,0.003737526272491462,0.0010480512628576232,-0.0016859812961755977,-0.0012155320215748203,5827.378,5834.202873735593,0.0014109261489474445,0.00023947166299209677,5855.441,5866.304716065995,-0.003388472362713446,-0.005234081342877395,5955.089,5924.95484372786,-0.02006502337748428,-0.015081101220957072,0.004218520394480971,0.006243590231036717,0.004913626973638913,0.004822911524119197,6.757867053266688e-05,0.005778485485351207,-0.39411524100477324,-0.12939308827813567,-0.15680588743810808,0.5977929860858563,-0.7969007153862978,2018-07-01,6.46068127080994,7.70413767850602,94369350439.4732,2018-10-05,-0.0055433145846221455,,2018-10-08,5883.77,-1.1751767891442622,2018-10-12,-0.1344921865662783,2018-10-12,18064422.366666667,15791190.2,15.0,1,False,recovered,True,2018-10-29,0.4119807418491057,2018-10-08,-2.107102000411284,2018-10-19,1.0214876674773004,2018-10-29,2.9856912190557705,2018-11-05,-0.010235948257102149,2018-10-08,-0.03254337054645299,2018-10-19,0.3063555353812359,2018-11-05,-12.584029096116268,-0.1344921865662783,0.45151873344602755,2018-10-08,-0.8665485271270552,2018-10-12,-1.6069254633923635,2018-10-19,1.8438526681604384,2018-10-29,3.9000059515219228,2018-11-05,-0.00038440175607764183,0.0277791166218297,250,55.55,45.790000000000006,10.073982992507649,3.0,7.1,3.489337381513911,16.0,11.236895245258895,4.04305126783455,7.829232537543592,2.3978952727983707,119.0,1.0,0.0020585215326807084,0.0070755012162002804,0.0028144036281678693,-238.0,0.0,,1.0,1.0,1.0
2018-12-22,exact_day,1.0,Flood,Natural,Hydrological,,missing_median_imputed,0.0,75000.0,2.0,1.0,,0.0,,,0.0,0.0,2018-0467-LKA,,,11.225256725762893,0.0,1.0,0.0,0.0,2018-12-21,77.0,2,2018-12-21,6005.65,4250906.0,local_archive,local_archive,-0.0017817324778974367,-0.005732859226332364,0.0005736281641750462,-0.003326427672580642,0.00038770081531599657,6048.994000000001,6040.171960171804,-0.005394946663858646,-0.003942265274700429,6047.941,6038.75754939193,-0.005221777130431704,-0.0037089664900001873,6019.1855,6021.850300974214,-0.0004694156709408315,-0.000911729900247904,0.0029397738682103046,0.0037500061307062624,0.003498304929199924,0.004653430663769839,3.1745706227945398e-06,0.005264348556483643,-0.07960462460109097,0.034588693516278024,-0.1912887758651438,1.7069908540434484,-1.168336788176261,2018-07-01,6.46068127080994,7.70413767850602,94369350439.4732,2018-12-21,-0.02080312049854063,,2018-12-24,6005.65,0.7749238066800666,2018-12-31,-1.437875434157655,2018-12-31,29620560.833333332,7032859.0,0.0,0,True,no_drawdown,False,2018-12-24,0.32367033860194155,2018-12-24,-0.22153682878162215,2019-01-08,-0.5394457855325708,2019-01-16,-0.9047322737765805,2019-01-23,-2.039376373961512,2018-12-24,-1.2021557588762637,2019-01-08,-1.1311039225167347,2019-01-23,-76.25683375959036,-1.0839371904799626,0.3887770367532007,2018-12-24,0.8391391707650041,2018-12-31,-0.07799983872809754,2019-01-08,-0.3007826293062623,2019-01-16,-0.5597410608675168,2019-01-23,-0.0002384791840162343,0.015010521658080889,250,42.61,30.282857142857136,7.714911350291533,0.0,7.79,1.2700008290499087,10.0,11.747190937784902,6.16541785423142,8.441175704992322,1.0986122886681098,30.0,1.0,0.0013821702269516739,0.007764875397726602,0.0026630997790499824,297.0,0.0,,1.0,1.0,1.0
2019-08-01,month_only,0.0,Drought,Natural,Climatological,,missing_median_imputed,0.0,222091.0,,0.0,,0.0,,,0.0,0.0,2019-9389-LKA,,,12.310846989422894,1.0,0.0,0.0,0.0,2019-07-31,222.0,2,2019-07-31,5935.34,38604800.0,local_archive,local_archive,-0.002760980260848892,-0.007273855096804741,0.020612302472658727,0.01341004278247308,0.010936777827033074,5872.094,5882.826160590553,0.0135651779416337,0.011716110170171712,5776.018999999999,5794.430862291388,0.030424242025519854,0.027150058642066766,5642.357000000001,5680.330023000148,0.05483399933751065,0.04778243093285939,0.010282836559012092,0.009181590100977443,0.007451230931804186,0.006701254439005467,7.623012000797216e-06,0.012630366562333293,-0.5110365939347831,-0.5519379030651255,-0.6053982661468686,4.05932196753207,-0.056251818625284326,2019-07-01,2.31008425504933,2.135037737132,94450015982.806,2019-07-31,-0.01094520695213996,,2019-08-01,5935.34,-0.7722646883847145,2019-08-07,-1.0839371904799626,2019-08-07,117209875.33333333,39647541.6,7.0,1,False,recovered,True,2019-08-09,-0.6436477437846222,2019-08-01,-0.690290445429177,2019-08-16,-0.6231318451629363,2019-08-23,-0.7692085418796192,2019-08-30,-1.0659186352534316,2019-08-01,-1.0582909733763113,2019-08-16,-1.2124407626625535,2019-08-30,-66.1738897961914,-1.0839371904799626,-0.6519621874332494,2019-08-01,-0.7813480932617886,2019-08-07,-0.6174436545199179,2019-08-16,-0.5108801839946742,2019-08-23,-0.5068198245798721,2019-08-30,-0.00015527092943535962,-0.026374759533270925,250,8.17,4.031428571428571,2.203825678008045,0.0,10.89,-0.36191101385849733,24.0,9.825742203911275,3.091042453358316,7.96346006663897,0.0,208.0,1.0,0.0008511846165779574,0.0007944164294547362,0.0010794165689281556,75.0,0.0,0.0,1.0,1.0,1.0
2019-09-23,exact_day,1.0,Flood,Natural,Hydrological,,missing_median_imputed,0.0,136607.0,1.0,1.0,,0.0,,,0.0,0.0,2019-0452-LKA,,,11.82487078955769,0.0,1.0,0.0,0.0,2019-09-22,53.0,3,2019-09-20,5793.89,22199173.0,local_archive,local_archive,-0.0029556425562143854,0.0006076489938273995,-0.0006128115675769492,-0.0029331908675300686,0.0008071177919914811,5816.660000000001,5815.145060293014,-0.0009661902191293592,-0.0007059256906665201,5819.195,5825.849592559331,-0.001401396584922776,-0.002542048558590526,5855.530000000001,5838.321297180904,-0.007597945873388134,-0.004672798188424032,0.0015516979199567654,0.0032632113300235304,0.002767597637826392,0.004160916853032659,8.735822920105506e-06,0.003908032343897514,-0.6591337128926447,0.7948012206298147,0.3416969379053336,1.1084618311500503,-0.20951885932121908,2019-07-01,2.31008425504933,2.135037737132,94450015982.806,2019-09-20,-0.004907599104880387,,2019-09-23,5793.89,-0.3838982094264758,2019-09-27,-0.9480020825290713,2019-09-27,47551716.666666664,18426978.4,13.0,1,False,recovered,True,2019-10-09,-0.3009413379100415,2019-09-23,-1.8111240718519466,2019-10-04,0.7012080964950934,2019-10-11,1.1939369971248293,2019-10-18,-1.0125115018328044,2019-09-23,-1.0747068422410533,2019-10-04,-0.4715525516504939,2019-10-18,-61.2485527511625,-0.9480020825290713,-0.27978700608656654,2019-09-23,-0.3094185226744147,2019-09-27,-1.6399913731129212,2019-10-04,0.9995982079361811,2019-10-11,1.6169428551819922,2019-10-18,-0.00021467481382830023,-0.03230323535922482,250,91.91999999999999,45.478571428571435,29.737973159229387,3.0,8.39,1.151510593118724,16.0,11.7363569748204,4.356708826689592,8.696343057044556,1.0986122886681098,119.0,1.0,0.0013814064912607202,0.00753800265914024,0.002274801114101423,22.0,0.0,,1.0,1.0,1.0
2019-10-24,exact_day,1.0,Flood,Natural,Hydrological,,missing_median_imputed,0.0,8200.0,5.0,1.0,,0.0,,,0.0,0.0,2019-0499-LKA,,,9.012011377036412,0.0,1.0,0.0,0.0,2019-10-23,31.0,3,2019-10-23,5888.34,32940702.0,local_archive,local_archive,0.0013493375169652956,0.00279452754537812,8.697528116833024e-05,0.0005783221483700466,-0.0006611230768932438,5860.916,5862.12282044752,0.003324395026306437,0.003117843162331546,5847.384,5840.330688684109,0.005646285586853761,0.006860794953533533,5788.286,5818.2929884715995,0.01591386465699851,0.010674438645743578,0.001962990699963548,0.004597280153181493,0.004386070439455642,0.003943938878363693,1.8207117346900693e-06,0.004557211091170034,-0.0851930170147337,-0.03698091903642453,0.166451678982372,1.3726856920083643,0.2719382324245229,2019-07-01,2.31008425504933,2.135037737132,94450015982.806,2019-10-23,0.002843103345830729,,2019-10-24,5888.34,1.1638198122705696,2019-10-30,0.46934279930011713,2019-10-30,39313036.9,62859306.0,0.0,0,True,no_drawdown,False,2019-10-24,0.4733748680457344,2019-10-24,1.1512293603490402,2019-11-06,2.2614670335781675,2019-11-15,3.8468684039294243,2019-11-22,0.32872449219370314,2019-10-24,0.29378697632891754,2019-11-06,0.3454993038903547,2019-11-22,59.89430213670417,0.46934279930011713,0.47597235072102073,2019-10-24,1.1846478434557615,2019-10-30,1.1854189056804738,2019-11-06,2.3167224880989,2019-11-15,3.892048696734685,2019-11-22,8.439419168998553e-06,-0.017937122041976433,250,72.69999999999999,56.14714285714286,11.944044142424726,5.0,7.81,0.560391893189895,16.0,9.681718056775063,1.791759469228055,5.680172609017068,0.0,90.0,1.0,-0.0013779800995394602,-0.0033039677632711404,0.00191061798791692,-9.0,0.0,,1.0,1.0,1.0
2019-11-29,exact_day,1.0,Flood,Natural,Hydrological,,missing_median_imputed,0.0,155009.0,12.0,1.0,,0.0,,,0.0,0.0,2019-0577-LKA,,,11.95124490994934,0.0,1.0,0.0,0.0,2019-11-28,36.0,4,2019-11-28,6201.12,90547466.0,local_archive,local_archive,0.013352481944764755,0.003933286659144723,0.0018245138529109993,-0.005823169922790035,-4.2355900346187555e-05,6111.012000000001,6106.398841310795,0.001285875400015568,0.0020423098807165196,6096.906,6087.071321600593,0.003602482964309983,0.005223970070231676,6037.468500000001,6039.668209303548,0.013482720448148022,0.013113599613708837,0.0038830271915528992,0.006522202901220778,0.005628163579247445,0.004819209675331965,0.00017828877408526878,0.0057354394739634685,0.427200049957406,0.03211677024462345,0.22988529840877292,0.4826994674589534,0.7999954841509023,2019-07-01,2.31008425504933,2.135037737132,94450015982.806,2019-11-27,0.0041657356252997445,,2019-11-29,6201.12,-0.6510296412788051,2019-12-05,0.06059488295416539,2019-12-05,52461415.36666667,55738596.2,2.0,0,True,next_disaster,True,2019-12-02,0.17481550142913427,2019-11-29,-1.8136027836455266,2019-12-13,-2.554310284112613,2019-12-20,-0.7302704921330917,2019-12-30,0.18184839180405657,2019-11-29,-0.33364206497324644,2019-12-13,-0.578622543969602,2019-12-30,6.246840292867151,0.06059488295416539,0.15204847726135265,2019-11-29,-0.7537031473548519,2019-12-05,-1.9825468872954815,2019-12-13,-2.789442599935898,2019-12-20,-1.0529783546624991,2019-12-30,0.00017520787738344617,-0.013052656937675492,250,65.95,50.29571428571428,8.29979890748938,3.0,9.41,0.6919226446537226,18.0,12.575654930194505,4.204692619390966,7.059617628291383,2.3978952727983707,172.0,1.0,-0.003034903695154047,0.009718249468921346,0.0019172966026443827,-13.0,0.0,,1.0,1.0,1.0
2019-12-02,exact_day,1.0,Flood,Natural,Hydrological,,missing_median_imputed,0.0,167436.0,9.0,1.0,,0.0,,,0.0,0.0,2019-0656-LKA,,,12.028362440093629,0.0,1.0,0.0,0.0,2019-12-01,3.0,5,2019-11-29,6211.97,62923918.0,local_archive,local_archive,0.0017481550142913428,0.013352481944764755,0.003933286659144723,0.0018245138529109993,-0.003109909829269143,6123.570000000001,6137.9725608738645,0.012664181188424273,0.01028799632123878,6119.011,6107.80744494594,0.013418671742868149,0.015277586252538722,6049.312,6055.044570322258,0.02509508519315906,0.024124583722092696,0.007415425222885972,0.007246998604860018,0.006223948929344952,0.0051327059256242235,3.0560459539919647e-06,0.008619854321271337,0.7259821407245663,0.13560617805697905,0.31734411694716647,0.4838330716353072,0.22437610652740064,2019-07-01,2.31008425504933,2.135037737132,94450015982.806,2019-11-29,-0.004019286229989053,,2019-12-02,6211.97,-1.0095915237441873,2019-12-06,-0.0834195965474908,2019-12-06,53353155.63333333,49083038.6,12.0,0,True,next_disaster,True,2019-12-18,0.05246556062152095,2019-12-02,-2.526344791344504,2019-12-16,-2.9430944376433827,2019-12-23,-1.3412208657407116,2019-12-31,-0.3189756922771078,2019-12-02,-0.49932404505978023,2019-12-16,-0.6182720195377877,2019-12-31,-8.00349479359661,-0.0834195965474908,0.022741637825588787,2019-12-02,-1.0917719716331409,2019-12-06,-2.6717641744748284,2019-12-16,-3.157998007815399,2019-12-23,-1.6375217811728748,2019-12-31,0.00016900112125582293,-0.014793603037264682,250,110.56,89.51142857142858,21.29722159388514,7.0,8.51,2.2695349189516736,18.0,12.575533993870787,4.02535169073515,7.057897937411856,2.302585092994046,170.0,1.0,-0.0005527916116444536,0.006935802530007824,0.0018973538383390584,-16.0,0.0,,1.0,1.0,1.0
2019-12-18,exact_day,1.0,Flood,Natural,Hydrological,,missing_median_imputed,0.0,65322.0,3.0,1.0,,0.0,44781.54,,1.0,0.0,2019-0629-LKA,,,11.08709947377011,0.0,1.0,0.0,0.0,2019-12-17,16.0,6,2019-12-17,6062.33,7661005.0,local_archive,local_archive,0.0008795866345151603,-0.005379265062698381,-0.001639138859435407,0.006490229083987851,-0.0074984845193957475,6082.031999999999,6089.243118679232,-0.004115729742954155,-0.005295094653114396,6135.723,6109.545657772322,-0.012830272813815102,-0.00860058353201354,6136.8144999999995,6101.8293188200105,-0.013005851814487768,-0.007346865419808224,0.005808503996734689,0.004433428607591877,0.006470184061670302,0.006003085115430293,7.736726476177062e-07,0.006389624485604266,-0.7684224685482978,-0.6686493061232636,-0.31575723973689374,0.5533591450523696,-0.16142601553891078,2019-07-01,2.31008425504933,2.135037737132,94450015982.806,2019-12-17,0.0003352360284609262,,2019-12-18,6062.33,-0.15203730400608553,2019-12-24,-1.0162454496304534,2019-12-24,45228853.8,16370645.0,6.0,1,False,recovered,True,2019-12-26,-0.053459084449880644,2019-12-18,0.7591940405918608,2020-01-02,-1.2411901200469884,2020-01-09,-2.609156801770866,2020-01-20,-1.7463722137386615,2019-12-18,-0.4341017743955255,2020-01-02,-0.06722860856383414,2020-01-20,-63.80486431871505,-1.0162454496304534,-0.0596373114494479,2019-12-18,-0.15276971769282033,2019-12-24,0.7603328845304054,2020-01-02,-1.2522031266153284,2020-01-09,-2.6029529496834343,2020-01-20,5.0714026352280204e-05,-0.025597609691974076,250,27.93,20.892857142857142,6.599984126965039,0.0,8.98,-0.4780622077321047,16.0,11.941423272188965,4.02535169073515,7.091742115095153,2.302585092994046,122.0,1.0,0.00016566805681651962,0.00038660150151508167,0.001963162793456607,-32.0,0.0,,1.0,1.0,1.0
2020-05-17,exact_day,1.0,Storm,Natural,Meteorological,,missing_median_imputed,0.0,1100.0,4.0,1.0,,0.0,,,0.0,0.0,2020-0211-LKA,Cyclone 'Amphan',,7.00397413672268,0.0,0.0,0.0,1.0,2020-05-16,151.0,6,2020-05-15,4439.04,26061059.0,local_archive,local_archive,0.010302856578793134,0.006001759867826039,0.0276970067776552,-0.03344609107160499,-0.0641949030269515,4394.5599999999995,4471.054664611429,-0.00023210514818305938,-0.01733699773902575,4753.665999999999,4710.607620284345,-0.07575753113491768,-0.0673092827598335,5202.610500000001,5047.700386029858,-0.15551241054851228,-0.12959572399350983,0.03701851996104275,0.02908777738298861,0.022209571364474157,0.019056632923288935,0.00010614885368318096,0.03142302675948435,1.8102862566063331,1.305582006713447,0.8303817489625269,1.1544477145270577,0.6925914507643995,2019-07-01,2.31008425504933,2.135037737132,94450015982.806,2020-05-15,0.003918675203723029,,2020-05-18,4439.04,7.815486413476667,2020-05-22,0.6719064112415905,2020-05-22,29953107.866666667,58647180.4,0.0,0,True,no_drawdown,False,2020-05-18,3.7106189424777343,2020-05-18,7.721898823571213,2020-06-01,10.15219239019811,2020-06-09,10.196754718676212,2020-06-16,0.15013365576131865,2020-05-18,0.632181223478622,2020-06-01,0.6267746568402065,2020-06-16,95.79664541343153,0.6719064112415905,3.734436161529606,2020-05-18,8.246003865692565,2020-05-22,8.57831751597157,2020-06-01,11.396683878684698,2020-06-09,12.016910629688928,2020-06-16,-0.0010200354470186696,0.025209027683681808,250,66.75,36.77571428571429,20.85186391120536,2.0,10.11,0.6872768097832636,0.0,0.0,0.0,0.0,0.0,0.0,0.0,-0.00042675771478796183,-0.0008533333851149876,0.004458889441624186,80.0,0.0,0.0,1.0,1.0,1.0
2020-09-01,exact_day,1.0,Flood,Natural,Hydrological,,missing_median_imputed,0.0,40000.0,3.0,1.0,,0.0,,,0.0,0.0,2020-0461-LKA,,,10.596659732783579,0.0,1.0,0.0,0.0,2020-08-31,107.0,6,2020-08-31,5329.3,70110876.0,local_archive,local_archive,0.0015774354926315962,-0.002327721574383322,-0.0004499015916172476,-0.005140726721814641,0.0006314890349340002,5347.78,5335.892432551067,-0.005026384780226545,-0.002809732906084772,5336.41,5320.153108003836,-0.0029064483426124443,0.00014038919200287658,5261.02,5266.5547008235435,0.011381823296622962,0.01031894706570835,0.0024349633298254006,0.005471193350271712,0.0051725623027438035,0.004925695361174238,2.4883027334138866e-06,0.005254951801149754,-0.42690653905888154,-0.20940041842566626,0.2050237191164339,0.5529561873270008,-0.21846426309275238,2020-07-01,-0.220483886824823,3.52839358231811,88998706177.9986,2020-08-31,-0.002197375175508541,,2020-09-02,5329.3,-0.24799456601241088,2020-09-08,0.23686884648831721,2020-09-08,72376862.23333333,91721380.8,6.0,1,False,recovered,True,2020-09-09,0.5744077612322215,2020-09-02,3.7636772088808126,2020-09-15,8.133948243501676,2020-09-22,11.74723357972438,2020-09-29,0.6940555081387517,2020-09-02,0.3775710062543621,2020-09-15,0.8240013302863565,2020-09-29,26.727489932214144,0.23686884648831721,0.5065315066692435,2020-09-02,-0.06169424310944874,2020-09-08,3.91082729668047,2020-09-15,8.390578563617552,2020-09-22,12.011846048461642,2020-09-29,-5.454836798485157e-05,0.03223928303384335,250,25.169999999999998,15.562857142857142,5.653652843621589,0.0,9.52,0.7993563718124952,0.0,0.0,0.0,0.0,0.0,0.0,0.0,-0.0026874512278046415,0.0048556879866589525,0.0036620959752924655,-27.0,0.0,,1.0,1.0,1.0
2020-12-02,exact_day,1.0,Flood,Natural,Hydrological,,missing_median_imputed,0.0,111665.0,3.0,1.0,,0.0,,,0.0,0.0,2020-0548-LKA,,,11.623267551972019,0.0,1.0,0.0,0.0,2020-12-01,92.0,3,2020-12-01,6317.46,111896168.0,local_archive,local_archive,0.01173466362660187,0.010125144651051046,0.005311076335513967,0.001030113411692767,0.0025642030772391093,6160.438,6173.623726262341,0.013525336997142201,0.011360633049160906,6123.7300000000005,6132.961698085572,0.019600798859518598,0.0180660351994395,6081.4655,6064.840084645188,0.026686741871675412,0.029501176099893778,0.003912674602587623,0.005289197778213139,0.0073424605144565116,0.012362741010751917,0.00013770233042949298,0.007558647540966158,-0.24419943512395303,-0.33681581747300915,-0.31212958069086016,0.534981530010632,0.08568774530028314,2020-07-01,-0.220483886824823,3.52839358231811,88998706177.9986,2020-12-01,0.011208140661592923,,2020-12-02,6317.46,3.828294458619691,2020-12-08,0.6441711251312983,2020-12-08,108594819.96666667,206808828.6,0.0,0,True,no_drawdown,False,2020-12-02,0.4482251469080314,2020-12-02,4.857260280530084,2020-12-15,4.902938179779161,2020-12-22,6.980700234495628,2020-12-31,0.026720141267729532,2020-12-02,0.9492262774704266,2020-12-15,0.9348671479896972,2020-12-31,90.44078590809418,0.6441711251312983,0.40520815038374136,2020-12-02,3.604569634508071,2020-12-08,4.469579797514711,2020-12-15,4.350982087593548,2020-12-22,6.169351537452239,2020-12-31,0.00034707064049365377,0.04643550060419424,250,102.04,45.77857142857142,35.527647651076585,3.0,14.52,0.5629518446669148,0.0,0.0,0.0,0.0,0.0,0.0,0.0,0.0019384025022729141,0.004853069649073464,0.0010257165111374521,-119.0,0.0,,1.0,1.0,1.0
2021-01-01,exact_day,1.0,Flood,Natural,Hydrological,,missing_median_imputed,0.0,50190.0,,0.0,,0.0,,,0.0,0.0,2021-0026-LKA,,,10.8235910067382,0.0,1.0,0.0,0.0,2020-12-31,30.0,3,2020-12-31,6774.22,187066142.0,local_archive,local_archive,0.003876584383410722,0.0064105356715377275,0.002875168236207244,0.008504962394432844,0.0018419586988302503,6680.496000000001,6693.33019059656,0.010106135831830398,0.008169298069331754,6655.385,6651.799666974219,0.013917301553554084,0.014463804961454274,6574.907000000001,6551.984576934445,0.02632782486505114,0.029918480540330084,0.0037289484999425415,0.004195982161522443,0.005051900952572133,0.005071536044311194,1.5027906481703888e-05,0.006111722708847471,-0.2933105207285587,0.2631409745415978,0.333386617322873,1.0119764616940259,0.892152774964296,2020-07-01,-0.220483886824823,3.52839358231811,88998706177.9986,2020-12-31,0.006418204711703793,,2021-01-04,6774.22,4.971748102248814,2021-01-08,1.1203174576613277,2021-01-08,210237390.33333334,644551534.8,0.0,0,True,no_drawdown,False,2021-01-04,1.7669379601807704,2021-01-04,15.66027770377198,2021-01-18,24.954915841863258,2021-01-25,16.698208967870986,2021-02-02,0.5924583532918345,2021-01-04,0.9819993080248631,2021-01-18,1.1528591684252232,2021-02-02,206.58273191940663,0.7267518181725379,1.7874647098153293,2021-01-04,4.654080253755912,2021-01-08,15.174852301608988,2021-01-18,24.1302123644481,2021-01-25,15.672548795970707,2021-02-02,0.00047070303159189885,0.045474693476985045,250,36.81,24.694285714285716,6.814711676813278,0.0,8.82,-0.1560580575661934,0.0,0.0,0.0,0.0,0.0,0.0,0.0,0.0,-0.02139118998131756,0.0042913162596991215,-149.0,0.0,,1.0,1.0,1.0
2021-05-13,exact_day,1.0,Flood,Natural,Hydrological,,missing_median_imputed,0.0,43704.0,5.0,1.0,,0.0,,,0.0,0.0,2021-0253-LKA,,,10.685217791014589,0.0,1.0,0.0,0.0,2021-05-12,132.0,4,2021-05-12,7161.77,94617003.0,local_archive,local_archive,0.002571103432078955,0.0010616857147259654,-0.014773043364331844,0.007471921632408809,0.00484240030166363,7171.048000000001,7166.673519435626,-0.0038582924002182883,-0.003250255418006054,7184.713000000001,7193.1985302085195,-0.005752908988849059,-0.0069257827375821535,7303.897,7230.633132864122,-0.02197689808604908,-0.012067149758649087,0.009071560488815177,0.011216460086437695,0.013030221733323999,0.011355691777525443,6.6105728584481815e-06,0.010159730825117522,-0.36159888052895894,-0.20929528688418175,-0.10848817887053419,0.7795170614779235,-0.5985878301630562,2020-07-01,-0.220483886824823,3.52839358231811,88998706177.9986,2021-05-12,-0.021682782358302413,,2021-05-13,7161.77,1.8238723096650367,2021-05-20,-0.07428331355134177,2021-05-20,131320097.0,121918710.8,0.0,0,True,no_drawdown,False,2021-05-13,0.9237035795080263,2021-05-13,3.318759993286907,2021-05-31,5.832473233520874,2021-06-07,5.705546999099518,2021-06-14,-0.7601538946447483,2021-05-13,-0.03829738263670896,2021-05-31,-0.15947067259152242,2021-06-14,-7.1591374167200055,-0.07428331355134177,0.7666536549105134,2021-05-13,1.1750675272761895,2021-05-20,2.0675054152857912,2021-05-31,3.9987715697640427,2021-06-07,3.284125674842929,2021-06-14,0.001125817006763153,0.03675167781515286,250,90.48,37.26428571428572,29.334667123355864,2.0,8.68,0.8052467316759542,0.0,0.0,0.0,0.0,0.0,0.0,0.0,0.0010205644606786587,-0.0013251785833272762,0.008939420237883924,-281.0,0.0,,1.0,1.0,1.0
2021-10-25,exact_day,1.0,Flood,Natural,Hydrological,,missing_median_imputed,0.0,6000.0,4.0,1.0,,0.0,,,0.0,0.0,2021-0714-LKA,,,8.699681400989514,0.0,1.0,0.0,0.0,2021-10-24,165.0,3,2021-10-22,9915.22,149483492.0,local_archive,local_archive,0.0034066282303702525,0.01759661220363533,0.008827473728110399,0.0002244685249476145,-0.014930899153080747,9666.717999999999,9720.343340951193,0.022218709597197517,0.016579317560714513,9659.955,9637.76110379477,0.022934371847487922,0.025289991480413443,9458.9485,9472.52617540443,0.044672142997712605,0.043174736814924675,0.01281761389639405,0.009290962768317736,0.010167729900379115,0.016097903134013526,1.1605115899955558e-05,0.012274113364246246,-0.30278168189867827,-0.35960575928240723,-0.2612419015685896,0.5245392692444468,-0.03444159907122625,2021-07-01,-4.62451503712715,6.15394508391738,84335574372.2997,2021-10-22,-0.0010731292246643565,,2021-10-25,9915.22,2.467583607318562,2021-10-29,-0.0815743962640557,2021-10-29,209702382.06666666,193275165.4,0.0,0,True,no_drawdown,False,2021-10-25,1.3183225513585786,2021-10-25,6.879988353868513,2021-11-08,8.109709542500546,2021-11-15,9.73122558241219,2021-11-23,0.117872195825219,2021-10-25,-0.06955761812740713,2021-11-08,0.2811163225093585,2021-11-23,-7.8335861065442085,-0.0815743962640557,1.0435541957234198,2021-10-25,1.2184681467738072,2021-10-29,4.2926156321988165,2021-11-08,4.478777258321722,2021-11-15,4.988637723331944,2021-11-23,0.0021831309964233433,0.11918036600847959,250,39.68,25.571428571428573,9.098881668592444,0.0,6.64,0.04956940984654623,0.0,0.0,0.0,0.0,0.0,0.0,0.0,4.999875004154858e-05,-0.0014488773736943397,0.0023291233709717574,268.0,0.0,,1.0,1.0,1.0
2021-11-06,exact_day,1.0,Flood,Natural,Hydrological,,missing_median_imputed,0.0,230004.0,26.0,1.0,,0.0,,,0.0,0.0,2021-0722-LKA,,,12.345856326799476,0.0,1.0,0.0,0.0,2021-11-05,12.0,4,2021-11-05,10632.21,212049476.0,local_archive,local_archive,0.020927164917864536,0.013567393529174715,0.013682938728911834,-0.003036210668974778,-0.0008922959958058098,10223.326000000001,10245.163549792564,0.018457202675528528,0.016286362769759366,10123.409,10115.067469361076,0.02850926995046832,0.02935744438071275,9874.289,9892.654342716756,0.054457693105802285,0.052500131844353426,0.007974403820647957,0.0071575363931895165,0.007832811777308402,0.009074164655282962,0.00043794623149950016,0.010724226285417176,0.0058840327818245886,-0.2885974661948243,-0.10665953388318783,0.4847418837612447,0.4713341842309045,2021-07-01,-4.62451503712715,6.15394508391738,84335574372.2997,2021-11-05,0.003725850045284445,,2021-11-08,10632.21,0.3223666152224393,2021-11-12,0.7267518181725379,2021-11-12,190757937.36666667,394554428.4,4.0,1,False,recovered,True,2021-11-11,-0.1017239041476682,2021-11-08,1.7253084790905724,2021-11-22,5.221229512607456,2021-11-29,3.7130499126674965,2021-12-06,0.6766822739430214,2021-11-08,0.6781627732887956,2021-11-22,0.6058679398657911,2021-12-06,106.835130347213,0.7267518181725379,-0.3308188467430533,2021-11-08,-0.7343831190664416,2021-11-12,-0.4251152583314448,2021-11-22,2.0468442370820306,2021-11-29,-0.3934868658505164,2021-12-06,0.0021868980869904357,0.11725494182486669,250,54.18,42.691428571428574,8.060085666565893,1.0,7.42,0.22911873734599597,0.0,0.0,0.0,0.0,0.0,0.0,0.0,0.0,-0.003543713623365099,0.00344240413525592,256.0,0.0,,1.0,1.0,1.0
2022-05-29,exact_day,1.0,Storm,Natural,Meteorological,,missing_median_imputed,0.0,22338.0,1.0,1.0,,0.0,,,0.0,0.0,2022-0336-LKA,,,10.014089308863923,0.0,0.0,0.0,1.0,2022-05-28,204.0,2,2022-05-27,8315.55,103239288.0,local_archive,local_archive,-0.00048451681217274046,-0.006061227419071723,-0.0027810223708657623,-0.009606451885028655,0.01116227623413808,8364.662,8331.174193702604,-0.005389578204116341,-0.0013916638198931963,8272.506,8241.68608656547,0.005690415939257232,0.009451210907134966,7895.271999999999,8294.61019031271,0.05374203700645164,0.0030103656608786444,0.014333111660875331,0.024664355916025917,0.036590617467401346,0.03659693700776173,2.3475654127803467e-07,0.017731970525708903,-0.04244332781830218,0.2962706281044307,0.28664070370189854,0.6501840236214379,0.3633189275068541,2021-07-01,-4.62451503712715,6.15394508391738,84335574372.2997,2022-05-27,0.024441130195822013,,2022-05-30,8315.55,-3.1862793449601634,2022-06-03,-0.15097257540353717,2022-06-03,108625602.2,93404035.6,44.0,0,True,next_disaster,True,2022-08-01,-1.0179650456826232,2022-05-30,-5.141767279239165,2022-06-10,-11.333383230391195,2022-06-20,-10.965688060579188,2022-06-27,0.2097603218648045,2022-05-30,-0.3198716782478916,2022-06-10,-0.5619453877129923,2022-06-27,-14.012872004128695,-0.15097257540353717,-1.073837587688447,2022-05-30,-3.2309773275368947,2022-06-03,-4.453519707505721,2022-06-10,-9.759637869345758,2022-06-20,-10.832413298078876,2022-06-27,0.0005587254200582369,0.1951600345620593,250,30.6,17.13714285714286,11.633091756258256,0.0,11.27,-0.011816976374019017,0.0,0.0,0.0,0.0,0.0,0.0,0.0,-0.00019473384118399664,0.011753976308942218,0.014623678910160825,52.0,0.0,0.0,1.0,1.0,1.0
2022-08-01,exact_day,1.0,Flood,Natural,Hydrological,,missing_median_imputed,0.0,82391.0,8.0,1.0,,0.0,,,0.0,0.0,2022-0490-LKA,,,11.319243623805638,0.0,1.0,0.0,0.0,2022-07-31,64.0,3,2022-07-29,7731.15,65025509.0,local_archive,local_archive,0.006684951495098098,0.006918733781546834,-0.00045618824061455834,-0.0012115585462984244,-0.0018876779346057308,7659.539999999999,7651.456209171473,0.0026241784754699182,0.0036834545030453025,7639.469999999999,7605.915103870941,0.005258218174821083,0.009693100057288184,7451.7305,7561.68242168242,0.030584774905641154,0.015599382748387791,0.006270208093255269,0.008932245698770653,0.01255865926773975,0.01382412645031863,4.468857649181429e-05,0.008097462532647976,0.03929634963903306,-0.08535682375942932,0.10989339233710105,0.38202417489125445,0.03293251301468316,2022-07-01,4.2074764950026,7.01478071238195,88556699052.2008,2022-07-29,0.014107775781753557,,2022-08-01,7731.15,7.501031363439936,2022-08-05,0.688472501383452,2022-08-05,54728843.93333333,108947202.4,0.0,0,True,no_drawdown,False,2022-08-01,0.4828483701846303,2022-08-01,17.30236973058178,2022-08-15,16.165212396847725,2022-08-22,12.179063969462385,2022-08-29,0.3245102961318845,2022-08-01,0.8946453415948008,2022-08-15,0.857855708090807,2022-08-29,99.06724602608364,0.688472501383452,0.5290069258312043,2022-08-01,7.424460924355145,2022-08-05,16.58774919730725,2022-08-15,16.090433377291006,2022-08-22,12.545754489639686,2022-08-29,2.8334142363670647e-05,0.173295519610289,250,58.59,38.019999999999996,19.50147259396924,3.0,14.8,2.3494669492282334,0.0,0.0,0.0,0.0,0.0,0.0,0.0,-0.013908430046132,0.005617992304223274,0.007566607961909024,-12.0,0.0,,1.0,1.0,1.0
2022-09-02,exact_day,1.0,Flood,Natural,Hydrological,,missing_median_imputed,0.0,5478.0,1.0,1.0,,0.0,,,0.0,0.0,2022-0785-LKA,,,8.608677881538416,0.0,1.0,0.0,0.0,2022-09-01,32.0,4,2022-09-01,9254.81,151254708.0,local_archive,local_archive,0.020025628103412338,0.02296172849613956,0.015107797520997463,-0.00695204062562557,-0.02053513658343452,8858.132,8924.127726344228,0.02406692517113096,0.016493743497334457,8934.734,8886.867345965218,0.015287080734580183,0.02075564390173179,8791.586,8707.456217319288,0.03181837725297809,0.041787609790903124,0.017551208426883357,0.012745049384725387,0.015301634186454261,0.013200216011055145,0.00040102578093617803,0.01617337909822336,0.2397029301527729,-0.18234722169585837,0.01714334284143959,0.4719440480155426,0.5060138394637358,2022-07-01,4.2074764950026,7.01478071238195,88556699052.2008,2022-09-01,0.0029917522671948716,,2022-09-02,9254.81,3.6548846260473438,2022-09-08,0.6334453032812141,2022-09-08,111046184.2,209221080.0,0.0,0,True,no_drawdown,False,2022-09-02,0.6638238477439518,2022-09-02,8.465360801500262,2022-09-15,7.756066954292261,2022-09-22,7.257786745665952,2022-09-29,0.2637521446760595,2022-09-02,0.5558126792660654,2022-09-15,0.40933664112831214,2022-09-29,88.40906736892632,0.6334453032812141,0.7955468813708093,2022-09-02,3.1716062084729315,2022-09-08,8.149563431787735,2022-09-15,7.803131795457264,2022-09-22,7.566347288966525,2022-09-29,0.0006136136741941904,0.17887207439235217,250,64.92,39.58571428571428,17.07498741545935,2.0,10.1,1.9113160418763702,0.0,0.0,0.0,0.0,0.0,0.0,0.0,0.0,0.002797204621061219,0.0060408188458200675,-44.0,0.0,,1.0,1.0,1.0
2022-10-14,exact_day,1.0,Flood,Natural,Hydrological,,missing_median_imputed,0.0,61469.0,3.0,1.0,,0.0,,,0.0,0.0,2022-0677-LKA,,,11.026304529901054,0.0,1.0,0.0,0.0,2022-10-13,42.0,5,2022-10-13,9148.55,75771218.0,local_archive,local_archive,0.03280851448430774,0.012349371736506309,-0.03427420706762932,-0.014558376891038137,0.008833829270747372,9029.728,9024.56438466458,-0.01954189539264073,-0.01898090338362035,9387.697,9258.486727658716,-0.05692844581583745,-0.04376705822217952,9671.8065,9418.256498428324,-0.08463119066743119,-0.059988438255276444,0.019207345127312234,0.01974864791138693,0.01647206962747082,0.015899795880329467,0.0010763986226670305,0.02218875934355922,-0.555364351954377,-0.40974812214919465,-0.1641890655032765,0.35789041489183093,-0.3177152542590017,2022-07-01,4.2074764950026,7.01478071238195,88556699052.2008,2022-10-13,0.025634259307631132,,2022-10-14,9148.55,-4.598502322434797,2022-10-20,-0.608473284896169,2022-10-20,147514854.1,80274787.4,36.0,0,True,next_disaster,True,2022-12-06,-0.6049820227299502,2022-10-14,-4.699040634508482,2022-10-28,-7.449440479867514,2022-11-04,-8.974350643473834,2022-11-14,-0.22842583119750104,2022-10-14,-0.7747553683100669,2022-10-28,-0.9837373719472566,2022-11-14,-45.581895538749,-0.608473284896169,-0.21489289709452625,2022-10-14,-4.714701972608288,2022-10-20,-6.034951968946059,2022-10-28,-8.328278850728628,2022-11-04,-10.831078685061302,2022-11-14,0.00027163693095246053,0.17423924286430395,250,72.86,46.931428571428576,16.25670469741785,2.0,8.78,7.2606318692460565,0.0,0.0,0.0,0.0,0.0,0.0,0.0,-0.0027642653603591207,-0.004804913560439324,0.0069420145682233285,-86.0,0.0,,1.0,1.0,1.0
2022-12-06,exact_day,1.0,Storm,Natural,Meteorological,,missing_median_imputed,0.0,6500.0,2.0,1.0,,0.0,,100.0,0.0,1.0,2022-0798-LKA,Cyclone 'Mandous',,8.77971129020447,0.0,0.0,0.0,1.0,2022-12-05,53.0,4,2022-12-05,8843.75,111291625.0,local_archive,local_archive,0.00840497570643187,0.007547456152784408,0.006057055617683591,0.03242535534297871,0.019672526516987043,8561.98,8576.817002684595,0.024264247288594554,0.022492376513923773,8293.742,8427.87656969374,0.0573912234067564,0.040562225547482234,8266.3345,8400.301560998125,0.06089706386790894,0.043977997256324564,0.011314328371966704,0.015297981552094445,0.017452395099853253,0.016100157826126504,7.06436166257099e-05,0.017073571857751275,0.9237050044154869,1.3233557156003126,0.48978587726885237,0.7743708941824238,-0.3368340362385329,2022-07-01,4.2074764950026,7.01478071238195,88556699052.2008,2022-12-05,-0.01805624963097222,,2022-12-06,8843.75,-0.13136539851291265,2022-12-13,0.3211290744055655,2022-12-13,67350490.6,92855011.6,6.0,1,False,recovered,True,2022-12-14,0.42414516770728644,2022-12-06,-3.864180513449375,2022-12-20,-5.012068850046194,2022-12-28,-4.389739008312785,2023-01-04,0.7991845942836624,2022-12-06,0.24050035744931292,2022-12-20,0.3520256610031582,2023-01-04,37.86835221657614,0.3211290744055655,0.6853757152933899,2022-12-06,0.10328629152587496,2022-12-13,-2.62670886977559,2022-12-20,-3.329127429020663,2022-12-28,-2.6524760750798615,2023-01-04,-0.0006124408388715874,0.1378849035844195,250,45.150000000000006,29.498571428571434,11.334792203023145,0.0,7.78,0.17435358349752894,0.0,0.0,0.0,0.0,0.0,0.0,0.0,-0.004420715885670985,-0.0032693684079549675,0.009327807647885029,-139.0,0.0,0.0,1.0,1.0,1.0
2023-07-04,exact_day,1.0,Storm,Natural,Meteorological,,missing_median_imputed,0.0,6631.0,,0.0,,0.0,,,0.0,0.0,2023-0436-LKA,,,8.79966169681513,0.0,0.0,0.0,1.0,2023-07-03,210.0,4,2023-06-28,9442.95,382375354.0,local_archive,missing,0.00787167056447735,-0.006950983597086407,0.010102521830845632,0.0033849436791516894,0.01472478681069818,9349.174,9340.911997780082,0.002110988628513999,0.002997352102939388,9283.095000000001,9254.388412804885,0.009244222966585891,0.012374841219832122,9036.842,9121.916836283586,0.03674602255965076,0.027076892735304003,0.008340900248166845,0.008492686567986513,0.008024410319978218,0.00873728227793678,6.196319747565915e-05,0.00877117911286324,0.0,0.0,0.0,0.0,0.0,2023-07-01,-7.34919311146656,49.7211021114327,74143020303.663,2023-07-03,0.0011699930926736418,,2023-07-04,9442.95,8.796710085334986,2023-07-10,,,382375354.0,,0.0,0,True,no_drawdown,False,2023-07-04,6.92709238894437,2023-07-04,12.75877824992945,2023-07-17,15.924218447373384,2023-07-24,18.71793327425851,2023-07-31,,,,,,,,,6.672336084196444,2023-07-04,8.294795225609587,2023-07-10,11.58561189819869,2023-07-17,14.253096217861215,2023-07-24,16.5442313956229,2023-07-31,0.0008633208621223968,0.09447220939372697,250,31.47,15.095714285714285,11.150436250274183,0.0,12.05,0.5259490103460647,0.0,0.0,0.0,0.0,0.0,0.0,0.0,-0.004435609503247983,-0.005118769633267527,0.008643308572345448,-349.0,0.0,0.0,1.0,1.0,1.0
2023-09-28,exact_day,1.0,Flood,Natural,Hydrological,,missing_median_imputed,0.0,244504.0,,0.0,,0.0,,,0.0,0.0,2023-0654-LKA,,,12.406991037585717,0.0,1.0,0.0,0.0,2023-09-27,86.0,3,2023-09-27,11335.61,,,,0.007744538408629746,0.002818651246982091,-0.0035616078573004503,0.004321491735095775,0.0022936736923530616,11240.698,11255.32625267753,0.0006638377794687678,-0.0006366987963433157,11325.287,11288.84705451497,-0.006810158541677658,-0.0036041815712879455,11323.302,11305.785440654667,-0.0066360501556878,-0.005096986932677017,0.0044554639942608765,0.006672351004980631,0.00779855242301488,0.008141433462704717,5.997787516274136e-05,0.006286494774896607,,,,,,2023-07-01,-7.34919311146656,49.7211021114327,74143020303.663,2023-09-27,0.00022928777229479233,,2023-10-02,11335.61,-3.1225420469009575,2023-10-06,,,,,23.0,0,True,next_disaster,True,2023-11-01,-1.527628035492287,2023-10-02,-4.719720972910717,2023-10-13,-4.373517140712001,2023-10-20,-5.868714686850919,2023-10-27,,,,,,,,,-1.5979858857374654,2023-10-02,-3.407772361518492,2023-10-06,-5.26243596999265,2023-10-13,-4.943283841287935,2023-10-20,-6.454519908043415,2023-10-27,0.0004432703057564727,0.08029292101411853,250,74.97,45.53857142857142,27.271205466921472,4.0,10.21,0.870715962441315,0.0,0.0,0.0,0.0,0.0,0.0,0.0,0.0007724990727922891,-0.000771902778581827,0.003250652867791869,359.0,0.0,,0.0,1.0,1.0
2023-11-01,exact_day,1.0,Storm,Natural,Meteorological,,missing_median_imputed,0.0,34800.0,8.0,1.0,,0.0,,,0.0,0.0,2023-0733-LKA,,,10.457401400981889,0.0,0.0,0.0,1.0,2023-10-31,34.0,3,2023-10-31,10647.33,,,,-0.0038115246665854333,-0.00014127009321595243,0.014432666123333578,-0.007387937317848841,-0.012105631331034598,10651.938,10671.718061374344,0.003384548426774492,0.001524772162464716,10676.724,10702.24683961474,0.001055192585291076,-0.001332135188843453,10779.166,10800.139129191632,-0.008458539371227758,-0.0103840448581356,0.010923519765743274,0.011781646372530624,0.010241428308996737,0.00925722023010723,1.4527720283989198e-05,0.010791764687749767,,,,,,2023-07-01,-7.34919311146656,49.7211021114327,74143020303.663,2023-10-31,0.006454084821688244,,2023-11-01,10647.33,2.0864044112252897,2023-11-07,,,,,0.0,0,True,no_drawdown,False,2023-11-01,1.1505472688607665,2023-11-01,1.1959385887591867,2023-11-14,-1.3186559615335711,2023-11-21,-1.8494760458538841,2023-11-28,,,,,,,,,0.9947806340851427,2023-11-01,1.3835900747394951,2023-11-07,-0.0720535157769715,2023-11-14,-3.0108210346301125,2023-11-21,-3.918357028761367,2023-11-28,0.0006926265599985205,0.08276946211122653,250,80.48,43.12428571428571,21.252272707597538,2.0,6.16,-0.07234778643509998,0.0,0.0,0.0,0.0,0.0,0.0,0.0,0.0015278841780531714,0.002537568049227176,0.0019247123940124209,325.0,0.0,0.0,0.0,1.0,1.0
2023-12-01,exact_day,1.0,Storm,Natural,Meteorological,,missing_median_imputed,0.0,2003.0,1.0,1.0,,0.0,,,0.0,0.0,2023-0784-LKA,,,7.602900462204755,0.0,0.0,0.0,1.0,2023-11-30,30.0,4,2023-11-30,10608.29,,,,0.008996550997411278,0.005824823890657944,-0.0026561912480363033,-0.004466148391279498,-0.00239484468480252,10498.994,10506.357699122407,0.001360701796762731,0.0006588678089811673,10537.213,10553.711903732812,-0.00227128368763152,-0.0038310600196042044,10687.9045,10631.40689538063,-0.0163385161235301,-0.011111125417648804,0.004021762665123133,0.004075448084678934,0.004926413482690241,0.007803557841546316,8.093792984902185e-05,0.00561220351400412,,,,,,2023-07-01,-7.34919311146656,49.7211021114327,74143020303.663,2023-11-30,0.003776931264994605,,2023-12-01,10608.29,1.103865888173866,2023-12-07,,,,,0.0,0,True,no_drawdown,False,2023-12-01,1.2336524852673398,2023-12-01,1.8571255875548909,2023-12-14,0.32581718327662956,2023-12-21,0.7137731389205558,2024-01-02,,,,,,,,,1.035679932137657,2023-12-01,0.46922641074879257,2023-12-07,0.23945099663907654,2023-12-14,-1.9525089597584007,2023-12-21,-2.133265702021752,2024-01-02,0.0011605370872429179,0.13987538595780052,250,95.71,52.239999999999995,23.899709203251824,3.0,9.46,0.17858026578169772,0.0,0.0,0.0,0.0,0.0,0.0,0.0,-0.0015243905390963889,-0.0015243905390963889,0.0023351849372832264,295.0,0.0,0.0,0.0,1.0,1.0
2024-01-01,exact_day,1.0,Flood,Natural,Hydrological,,missing_median_imputed,0.0,175000.0,2.0,1.0,,0.0,,,0.0,0.0,2024-0008-LKA,,,12.07254696717504,0.0,1.0,0.0,0.0,2023-12-31,31.0,4,2023-12-29,10654.16,,,,0.0007088945907754884,0.0030346724472925845,0.0005701455910442519,-0.0032572291742147385,-0.000987641370472879,10623.614,10638.892140951612,0.0021646117790048436,0.0007254382266628223,10681.197,10663.745308483143,-0.0032381202219189387,-0.0016068752569992073,10706.764,10682.9345791307,-0.00561831754206954,-0.003400243525001123,0.002812337607867955,0.003625678084612484,0.005318933947411671,0.005009292861943836,5.025315408307472e-07,0.004889556335101935,,,,,,2023-07-01,-7.34919311146656,49.7211021114327,74143020303.663,2023-12-29,-0.0028304770367338357,,2024-01-02,10654.16,0.9624871605700528,2024-01-08,,,,,0.0,0,True,no_drawdown,False,2024-01-02,0.28230761015417577,2024-01-02,-1.0276801237873892,2024-01-16,-3.4953790772792357,2024-01-23,-3.272459221517099,2024-01-31,,,,,,,,,0.2561413705306658,2024-01-02,0.5914383441024498,2024-01-08,-1.7860356122384822,2024-01-16,-4.818288359637611,2024-01-23,-4.943485695382197,2024-01-31,0.000765522886652776,0.08876001371127328,250,91.38,55.394285714285715,30.727097084464315,4.0,8.5,0.3265354318543483,0.0,0.0,0.0,0.0,0.0,0.0,0.0,0.0,-0.007231356998570131,0.0014713739124241206,264.0,0.0,,0.0,1.0,1.0
2024-05-15,exact_day,1.0,Flood,Natural,Hydrological,,missing_median_imputed,0.0,235902.0,40.0,1.0,,0.0,,,0.0,0.0,2024-0298-LKA,,,12.371175982567976,0.0,1.0,0.0,0.0,2024-05-14,135.0,5,2024-05-14,12358.8,,,,-0.01129308211261498,-0.0015836518668831173,0.009798652561335528,0.0035013512282279073,-0.0007923607473112755,12428.884,12443.690976895155,0.005654248603494949,0.004457602105985892,12396.75,12358.732729097843,0.008261036158670576,0.011362594691568084,12161.5995,12174.537437575533,0.027756258541485446,0.026664057184016876,0.004949636846817073,0.004459770158410588,0.007139579352101217,0.00634594951183614,0.0001275337036022644,0.006335482273710502,,,,,,2023-07-01,-7.34919311146656,49.7211021114327,74143020303.663,2024-05-14,0.004826148527454041,,2024-05-15,12358.8,-0.8650604610502783,2024-05-21,,,,,17.0,1,False,recovered,True,2024-06-10,-0.5492123106876848,2024-05-15,-1.3878757485017514,2024-05-30,-0.3893058629199619,2024-06-06,0.008576516693480554,2024-06-13,,,,,,,,,-0.8272153586993601,2024-05-15,-1.6369129727092744,2024-05-21,-2.5051025351042293,2024-05-30,-2.3912104834834955,2024-06-06,-2.7768892321927443,2024-06-13,0.0011471842686683717,0.1401846113512073,250,58.42,37.41428571428571,14.725446068108154,2.0,5.84,2.4142433608780673,0.0,0.0,0.0,0.0,0.0,0.0,0.0,0.0016652793190612488,0.003667281989734273,0.0028917258025559327,129.0,0.0,,0.0,1.0,1.0
2024-10-11,exact_day,1.0,Storm,Natural,Meteorological,,missing_median_imputed,0.0,155761.0,3.0,1.0,,0.0,,,0.0,0.0,2024-0733-LKA,,,11.956084480230723,0.0,0.0,0.0,1.0,2024-10-10,149.0,4,2024-10-10,12165.88,,,,-0.0009423565277750574,0.0005133797130633965,-0.0010544019791868119,0.009316123103214533,-0.00035534369400008563,12106.668,12102.750765254494,0.00583827028212891,0.006163824752937419,11976.963,11930.184376693622,0.01673103607316828,0.020717670029411384,11454.4155,11658.860897166292,0.06311404540895182,0.04447167758556314,0.006019691760161919,0.006209648839215214,0.009078381894503097,0.010581164555182432,8.880358254402625e-07,0.008340605076754118,,,,,,2024-07-01,-2.0289296690344,16.5411742279832,84080307355.5983,2024-10-10,-0.0020722685059824846,,2024-10-11,12165.88,1.2028423979658318,2024-10-18,,,,,0.0,0,True,no_drawdown,False,2024-10-11,1.0519949089792227,2024-10-11,2.957744404982854,2024-10-25,5.484701085310271,2024-11-04,5.667698831416606,2024-11-11,,,,,,,,,1.020716448872533,2024-10-11,1.0561803837870858,2024-10-18,2.679496236635397,2024-10-25,5.079147272184503,2024-11-04,5.093848933197504,2024-11-11,0.0002752329774349782,0.006223741951726458,250,87.06,39.25857142857143,21.514550447368894,1.0,10.18,3.142166015131183,0.0,0.0,0.0,0.0,0.0,0.0,0.0,-0.0006830601358475874,-0.0037510700419368394,0.003275968446878775,-20.0,0.0,0.0,0.0,1.0,1.0
2024-11-25,exact_day,1.0,Storm,Natural,Meteorological,,missing_median_imputed,0.0,441392.0,17.0,1.0,,0.0,,60.0,0.0,1.0,2024-0881-LKA,Storm 'Fengal',,12.997690914047396,0.0,0.0,0.0,1.0,2024-11-24,45.0,4,2024-11-22,13054.27,,,,0.0055437977596309775,-0.010074561224633561,0.000623213858416979,-0.00954048393958586,0.007611987418364774,13131.504,13066.540215398454,-0.011377523854084082,-0.006462323920982893,13019.306,13011.24880340954,-0.0028577560124940504,-0.00224027715171371,12849.880500000001,12828.507671178373,0.010289550941738224,0.0119727354699799,0.0075331089143473836,0.007146772074179955,0.006144909639039897,0.005452203423497527,3.073369359968945e-05,0.00827190611480775,,,,,,2024-07-01,-2.0289296690344,16.5411742279832,84080307355.5983,2024-11-22,0.0034619595915364653,,2024-11-25,13054.27,1.0514252642465216,2024-11-29,,,,,4.0,1,False,recovered,True,2024-11-28,-1.4476590849538822,2024-11-25,4.286298125363021,2024-12-06,8.450266693919286,2024-12-13,12.623460920939007,2024-12-20,,,,,,,,,-1.516206317055631,2024-11-25,0.7030360901724266,2024-11-29,3.5883402651765435,2024-12-06,7.382961367290186,2024-12-13,11.169980466271083,2024-12-20,0.000722743164750101,-0.012358002563560896,250,116.2,58.12000000000001,28.60241598187118,3.0,11.19,1.302887547428889,0.0,0.0,0.0,0.0,0.0,0.0,0.0,0.0003437016703365417,-0.0031565249566997454,0.0008771877928294354,-11.0,0.0,0.0,0.0,1.0,1.0
2025-11-20,exact_day,1.0,Other,Natural,Hydrological,,missing_median_imputed,0.0,3007.0,31.0,1.0,,0.0,,,0.0,0.0,2025-0994-LKA,,,8.00903068506973,0.0,0.0,1.0,0.0,2025-11-19,360.0,1,2025-11-19,23029.86,,,,-0.001422791057874402,-0.006958021933298215,-0.009844731451630168,-0.00034189564842405397,0.003282684874432827,23372.186,23271.82771211531,-0.013243776170530186,-0.00898845224805489,23335.253999999997,23249.628480725372,-0.01168206697043006,-0.008042213701624612,23072.788,23027.065668875886,-0.00043939206653309526,0.0015453263405684758,0.00565195148842971,0.006892590454387663,0.005406433204979438,0.005023152871044721,2.0243343943673598e-06,0.007742768827037815,,,,,,2025-07-01,4.99241614398109,-0.42936004906973,99616111265.7633,2025-11-19,0.00374680773726533,,2025-11-20,23029.86,-0.8093065745562974,2025-11-26,,,,,6.0,0,True,next_disaster,True,2025-11-27,0.32556783069630973,2025-11-20,-5.098422401989519,2025-12-03,-2.5087742980504917,2025-12-11,-3.1149907699104356,2025-12-18,,,,,,,,,0.12476950562221611,2025-11-20,-2.0182785645257577,2025-11-26,-7.477052638401242,2025-12-03,-6.0610641662980385,2025-12-11,-7.789745990604231,2025-12-18,0.002317857863039286,0.019750160710334076,250,70.84,45.502857142857145,20.56089063755566,3.0,7.47,0.38779307882805014,0.0,0.0,0.0,0.0,0.0,0.0,0.0,-0.00048752743307388797,0.01029336757690595,0.0021330187993390346,-198.0,0.0,0.0,0.0,1.0,1.0
2025-11-27,exact_day,1.0,Storm,Natural,Meteorological,4100000000.0,emdat_cpi_adjusted,1.0,1702737.0,823.0,1.0,,0.0,,65.0,0.0,1.0,2025-1000-LKA,Tropical storm 'Ditwah',22.134252810900577,14.347748101655446,0.0,0.0,0.0,1.0,2025-11-26,7.0,1,2025-11-26,22844.23,,,,0.0010651685238974927,0.007699622706206586,-0.014808851399678566,-0.005304683882951451,-0.001422791057874402,22916.466,22906.623196657165,-0.004213389621244401,-0.003785507619901818,23144.326,23016.736317429586,-0.014017085656328976,-0.008551443380812374,23098.2275,22976.619931617246,-0.01204930118555636,-0.006820408401394307,0.008616236082695735,0.006979443801780093,0.006567770095696787,0.005876656498344447,1.1345839843019635e-06,0.009221447240424462,,,,,,2025-07-01,4.99241614398109,-0.42936004906973,99616111265.7633,2025-11-26,0.006882969436149685,0.04115800092880271,2025-11-27,22844.23,-4.289115827433225,2025-12-03,,,,,24.0,1,False,recovered,True,2026-01-02,-0.800508468483141,2025-11-27,-1.6994677234941917,2025-12-11,-2.3056841953541385,2025-12-18,-3.352330389017024,2025-12-26,,,,,,,,,-1.0312296499406037,2025-11-27,-5.452553436794707,2025-12-03,-4.030009572319557,2025-12-11,-5.756418909852047,2025-12-18,-7.997657679768026,2025-12-26,0.0023072118145746287,0.018097865280435447,250,286.79,202.73142857142855,68.6314382355908,7.0,14.16,5.260669091654285,0.0,0.0,0.0,0.0,0.0,0.0,0.0,0.0003248335256756996,0.0009748172989656247,0.0021540943732302397,-205.0,0.0,0.0,0.0,1.0,1.0
